Employee_Id,Name,Age,Salary,Department,Email,Join_Date,City,Performance_Score
137,Jacob Jackson,41.0,43251.2,Sales,hlewis@harris.com,2021-03-12 00:00:00,Utrecht,2.59
629,Alexandra Henry,64.0,55835.87,Hr,laurawilson@hotmail.com,2017-02-18 00:00:00,Rotterdam,1.37
185,Aaron Hinton,39.0,51648.06,Sales,pachecorichard@yahoo.com,2022-03-30 00:00:00,Amsterdam,1.47
32,Christopher Parker,34.0,82784.17,It,jimmyyoung[at]burton.com,2024-01-21 00:00:00,Utrecht,3.91
678,Lori Manning,55.0,81284.06,Hr,adkinsgeorge@moore-hicks.biz,2017-09-09 00:00:00,Rotterdam,2.58
937,Andrea Davis,35.0,39681.51,Hr,john01@mcfarland-patel.com,2017-12-25 00:00:00,Utrecht,4.96
290,Terry Fernandez,60.0,45659.51,Sales,russellrichardson@yang.com,2023-08-26 00:00:00,The Hague,2.13
328,Cassandra Benton,61.0,66874.94,Sales,dnelson@hotmail.com,2024-04-30 00:00:00,Eindhoven,1.95
492,Amy Smith,25.0,77199.16,It,vpierce@ramirez-alvarez.com,2020-02-03 00:00:00,Amsterdam,3.56
395,Stacey Reese,57.0,72691.6,Marketing,brady37@briggs.biz,2025-10-30 00:00:00,The Hague,4.24
667,Joshua Parrish,55.0,51175.34,Marketing,elizabethromero@hall-miller.net,2021-05-15 00:00:00,The Hague,4.1
546,Samuel Macias,25.0,43046.57,Sales,xmeyer@rice-morales.com,2021-12-12 00:00:00,Amsterdam,2.92
EMP-870,Brandon Chan,33.0,85153.07,Sales,timothyramirez@blackwell.net,2017-12-18 00:00:00,Utrecht,4.34
762,Carolyn Miller,23.0,56830.15,Sales,flemingjames@hotmail.com,2022-06-21 00:00:00,Eindhoven,2.91
77,Rachel Moore,61.0,56305.71,Hr,kochamy@yahoo.com,2023-11-05 00:00:00,Amsterdam,4.04
774,Michelle Garcia,50.0,69588.32,It,heather61@hotmail.com,2026-04-16 00:00:00,Amsterdam,1.99
851,Oscar Mayo,47.0,45652.89,It,jason02@evans.com,2019-08-21 00:00:00,Eindhoven,2.13
332,Thomas Shannon,63.0,41541.18,Sales,sfernandez@ortega.com,2018-06-27 00:00:00,Amsterdam,4.09
630,Nathaniel Franklin,42.0,71412.87,Sales,jamescoleman@brown.com,2021-03-08 00:00:00,The Hague,1.44
969,Dr. Julie Cook,28.0,54397.63,Sales,williamsrobert@gmail.com,2025-05-15 00:00:00,Amsterdam,1.55
EMP-812,Debra Bowers,38.0,48404.03,Marketing,davidhouston@bennett-shaw.org,2024-03-26 00:00:00,Amsterdam,1.39
378,Amy Delgado,54.0,57750.13,Finance,ecarpenter@yahoo.com,2023-02-22 00:00:00,The Hague,2.12
723,Jared Hunter,58.0,34777.22,Sales,amy76@yahoo.com,2019-12-11 00:00:00,Utrecht,1.34
623,Jeremy Williams,44.0,83230.37,Sales,kenneth33@lara.com,2021-09-22 00:00:00,Utrecht,2.15
430,Vanessa Huang,21.0,28618.91,Finance,djennings@holmes.org,2022-12-30 00:00:00,Amsterdam,4.78
917,William Joseph,18.0,64118.45,Marketing,davisheidi@zimmerman.com,2016-12-04 00:00:00,Rotterdam,4.09
87,Angela Hernandez,24.0,68731.03,Finance,xbishop[at]hotmail.com,2025-03-02 00:00:00,The Hague,2.31
319,Kenneth Leon,51.0,59862.5,Sales,rjames[at]phillips-hudson.org,2023-01-16 00:00:00,Rotterdam,4.29
591,Natalie Williams,43.0,56073.49,Marketing,michael17@yahoo.com,2019-10-10 00:00:00,The Hague,2.02
175,Jennifer Taylor,42.0,59150.36,Sales,dannyjohnson@martin.com,2021-08-20 12:00:00,Amsterdam,2.15
209,Kelly White,62.0,62725.72,Sales,savannahmartin@gmail.com,2021-09-07 00:00:00,The Hague,3.38
520,Brittany Fox,20.0,66270.81,Sales,christopher35@gmail.com,2020-02-14 00:00:00,The Hague,3.3
971,Teresa Morgan,58.0,56921.57,Marketing,xscott@le-anderson.biz,2017-01-11 00:00:00,Eindhoven,2.96
954,Joseph Richardson,52.0,76656.47,Hr,denisecardenas@yahoo.com,2019-03-05 00:00:00,Eindhoven,1.78
114,Lindsey Ayala,21.0,91948.63,Sales,moorelauren@griffin.com,2022-03-02 00:00:00,Amsterdam,1.34
440,Norma Lane,42.0,54166.78,It,samanthamarquez@gmail.com,2018-02-20 00:00:00,Rotterdam,2.69
555,Jason Anderson,42.0,60064.04,Finance,tsalas@monroe-roberts.com,2016-07-14 00:00:00,Amsterdam,1.48
540,Michael Carter,36.0,46346.62,Finance,ptaylor@gomez.com,2017-01-05 00:00:00,Amsterdam,1.48
60,Carolyn Watkins,44.0,69633.18,Sales,rebeccaburnett@hotmail.com,2021-11-03 00:00:00,Eindhoven,2.8
549,Nicholas Carroll,34.0,60567.19,It,leeturner@gmail.com,2017-12-16 00:00:00,Amsterdam,4.68
695,Brian Watson,41.0,63896.52,Sales,davidsmith@butler.net,2022-10-21 00:00:00,Eindhoven,2.8
690,Susan Richard,25.0,61663.95,Finance,schultzlinda@yahoo.com,2022-07-28 00:00:00,Rotterdam,4.48
200,Tyler Wolfe,23.0,37855.45,Finance,robertsonmatthew@curtis-taylor.com,2023-05-03 00:00:00,Amsterdam,2.56
779,Danielle Lawson,42.0,53883.5,Marketing,nathan92@hotmail.com,2019-07-11 00:00:00,The Hague,3.12
735,James Brown,38.0,70437.33,Marketing,rodriguezscott@gmail.com,2020-12-23 00:00:00,The Hague,3.14
443,Alison Rowland,41.0,23988.37,Marketing,bryanrose@yahoo.com,2026-01-19 00:00:00,The Hague,3.45
517,Barbara Gutierrez Phd,48.0,62513.76,Marketing,joel40@yahoo.com,2016-06-03 00:00:00,Rotterdam,1.33
948,Melissa Parsons,38.0,44621.38,It,charles52@cannon.com,2024-05-05 00:00:00,Eindhoven,2.59
281,Michael Garza,44.0,56702.76,Marketing,lmckay@hotmail.com,2018-02-19 00:00:00,Amsterdam,1.69
322,Dwayne Mitchell,29.0,63927.36,Hr,vrich@hotmail.com,2025-05-21 00:00:00,Eindhoven,3.63
50,Susan Dixon,25.0,28554.4,Marketing,karigreen@anderson-moran.org,2025-08-20 00:00:00,Eindhoven,3.65
888,Devin Wright,57.0,49610.62,Sales,reedkiara@yahoo.com,2019-10-06 00:00:00,Rotterdam,3.54
110,James Clark,24.0,53883.31,Hr,brandon08@neal.com,2023-10-21 00:00:00,Amsterdam,1.3
981,Brian Pierce,30.0,66787.0,Marketing,wilsonbrenda@gmail.com,2021-08-20 12:00:00,Rotterdam,2.12
891,Trevor Coleman,26.0,67307.23,Marketing,denisebuchanan@stephenson.com,2016-11-01 00:00:00,Utrecht,3.0
962,Timothy Bailey,53.0,74937.29,Sales,ryanjay@miranda.net,2022-12-10 00:00:00,Utrecht,3.88
11,Sharon Berry,50.0,48048.73,Marketing,valentinejeremy@yahoo.com,2018-09-13 00:00:00,Utrecht,4.37
502,Bruce Hernandez,59.0,55397.33,Sales,anthonysnyder@hampton.biz,2025-04-23 00:00:00,Amsterdam,1.69
524,Douglas Sullivan,61.0,63558.98,It,alyssa80@dean-williams.net,2026-03-14 00:00:00,Amsterdam,4.78
662,Whitney Obrien,51.0,46797.12,Sales,fkane@ferguson.biz,2021-01-02 00:00:00,Amsterdam,3.5
71,Jacob Mcdaniel,35.0,60420.93,Finance,rortega@gregory.biz,2023-06-27 00:00:00,The Hague,1.58
885,Robert Mays,25.0,65228.37,Marketing,burkeabigail@yahoo.com,2024-11-19 00:00:00,Amsterdam,1.82
627,Heather Thomas,64.0,40155.93,It,bryan43[at]yahoo.com,2022-05-25 00:00:00,The Hague,3.44
262,Thomas Yang,62.0,54107.12,Marketing,david14[at]gmail.com,2023-04-12 00:00:00,The Hague,3.25
362,Joseph Hamilton,42.0,77991.08,Sales,stephaniewalls@garcia.com,2020-03-15 00:00:00,Utrecht,3.36
399,Janice Norris,33.0,53281.9,Finance,weissjamie@gmail.com,2018-12-05 00:00:00,Rotterdam,2.84
343,Stephanie Washington,52.0,58674.5,Sales,lkemp@hammond-walker.net,2022-12-20 00:00:00,Amsterdam,2.38
437,Christopher Wilson,32.0,79429.23,Hr,pquinn@gibson.com,2021-08-20 12:00:00,The Hague,2.96
531,Mark Yates,19.0,64578.89,Finance,davidwilliams@blevins.net,2022-12-21 00:00:00,Utrecht,1.62
333,Kimberly Bishop,22.0,56137.07,It,egonzalez@gmail.com,2023-01-02 00:00:00,The Hague,1.27
140,Ronald Payne,37.0,36537.04,Marketing,james36@sullivan.com,2026-04-10 00:00:00,Rotterdam,4.17
882,John Cisneros,40.0,47036.97,Finance,olewis@thomas-green.org,2024-06-11 00:00:00,The Hague,1.11
760,Zachary Richard,41.0,65504.65,Hr,robertlowe@king.com,2024-10-14 00:00:00,Eindhoven,1.73
313,Tammy Lam,51.0,67381.25,Marketing,xwest@moore-walls.biz,2017-04-06 00:00:00,Amsterdam,4.49
925,Dana Moon,55.0,72925.7,Hr,averyamanda@yahoo.com,2019-07-20 00:00:00,Amsterdam,3.91
EMP-142,Michael Johnson,44.0,74607.14,Sales,rowlandjose@little.com,2017-10-24 00:00:00,Amsterdam,2.8
876,Nicholas Neal,18.0,81918.37,Marketing,lewismonica@lopez.info,2025-09-12 00:00:00,The Hague,4.87
756,Ashley Shelton,44.0,94485.73,Marketing,james21@hotmail.com,2018-09-03 00:00:00,Utrecht,1.59
718,Amy Webb,55.0,57254.53,Sales,medinarachel@christensen.com,2018-03-04 00:00:00,Amsterdam,3.58
949,Lisa Cline,37.0,54316.21,Hr,atkinsjason@wong.com,2019-04-21 00:00:00,Rotterdam,4.12
89,Donald Ellis,52.0,47053.6,Marketing,basskenneth@yahoo.com,2026-04-11 00:00:00,Amsterdam,1.4
843,Lisa Davis,44.0,38159.17,It,ekim@lopez.org,2020-10-28 00:00:00,Rotterdam,2.91
306,Michael Joseph,44.0,56759.91,Sales,erikastanley@davis.com,2021-10-11 00:00:00,Amsterdam,4.73
311,Dustin Adams,28.0,51734.78,Marketing,sierravalencia@gmail.com,2021-10-08 00:00:00,Eindhoven,1.73
860,Jeffery Santos,42.0,64493.98,Marketing,michaelafuller@hotmail.com,2021-07-01 00:00:00,Amsterdam,4.89
452,Paula Garcia,29.0,69327.13,Hr,doughertyjennifer@gmail.com,2026-04-23 00:00:00,Amsterdam,1.47
97,Chase Johnson,59.0,59441.8,Marketing,umorris@hotmail.com,2021-05-28 00:00:00,Eindhoven,4.55
815,Don Hunter,39.0,70477.67,Marketing,martinezamanda@fischer-harrington.com,2016-10-11 00:00:00,Amsterdam,4.1
793,Samuel Clark,42.0,59073.68,Marketing,thomashammond@martin-chan.org,2017-06-02 00:00:00,Amsterdam,4.83
31,Gregory Mullins,39.0,45974.4,Sales,jonathan44@gmail.com,2024-07-22 00:00:00,Amsterdam,3.04
159,John Brown,29.0,37130.45,Marketing,katherine29@harper-snyder.com,2024-01-08 00:00:00,Amsterdam,3.72
689,Lauren Hoffman,42.0,65664.4,Hr,nicholasmccall@walsh-bruce.net,2019-02-23 00:00:00,Eindhoven,1.23
55,Julie Garcia,42.0,70464.99,It,michael43@berry.org,2025-07-28 00:00:00,The Hague,3.12
24,Thomas Parker,36.0,33628.78,Sales,payneleonard@gmail.com,2022-06-02 00:00:00,Amsterdam,3.12
612,William Miller,25.0,54166.23,Hr,henryyoung@hotmail.com,2023-10-22 00:00:00,Eindhoven,2.89
740,Kristin Harris,43.0,70215.55,Finance,urivera@hotmail.com,2024-09-23 00:00:00,Eindhoven,1.29
645,Ronald Kim,63.0,51313.85,Finance,gonzalezhenry@yahoo.com,2022-10-25 00:00:00,Utrecht,2.03
634,Jonathan Rodriguez,51.0,48596.78,Marketing,vwebb@gmail.com,2025-05-10 00:00:00,Utrecht,3.34
602,David Johnson,23.0,55397.33,Hr,samanthagonzales@hicks-weber.com,2020-12-12 00:00:00,Amsterdam,4.01
179,Monica Holt,19.0,51030.15,Sales,lalexander@mclaughlin.info,2021-08-20 12:00:00,Rotterdam,3.96
4,Destiny Reeves,58.0,77845.45,Sales,gregory77@yahoo.com,2016-08-22 00:00:00,Amsterdam,1.18
278,Robert Peters,28.0,45996.75,Sales,benjamin58@hotmail.com,2021-08-20 12:00:00,Amsterdam,2.74
594,Edward Vazquez,20.0,60004.93,Finance,millerrobin@armstrong.com,2024-06-21 00:00:00,Amsterdam,2.44
293,Kevin Schneider,54.0,46159.53,It,justinbrewer@mitchell.com,2017-09-19 00:00:00,The Hague,3.55
299,Adam Lewis,45.0,67192.93,Finance,stewartdave@alvarez.com,2026-02-01 00:00:00,Amsterdam,2.91
817,Kathleen Miller,36.0,59005.75,It,whitepatrick@roberts.com,2019-02-22 00:00:00,Amsterdam,1.72
874,Daniel Johnson,58.0,44036.05,Finance,ricardo10@gmail.com,2020-08-21 00:00:00,Rotterdam,2.06
EMP-211,Michael Sims,62.0,63563.36,Finance,riosroberto@nichols.biz,2020-01-26 00:00:00,Amsterdam,3.35
459,Brittany Mcintosh,41.0,46695.26,Sales,darrell74@brown.com,2019-05-03 00:00:00,The Hague,1.1
924,Jason Cox,36.0,44498.19,Hr,jacobjohnson@allen.com,2024-06-19 00:00:00,Rotterdam,2.91
933,Patrick Garcia,64.0,33279.79,Marketing,huntercrane@flores.com,2026-02-07 00:00:00,Eindhoven,3.52
479,Lori Hernandez,54.0,101183.21,It,ramirezjames@hotmail.com,2025-02-06 00:00:00,Amsterdam,1.32
406,Alan Durham,42.0,64342.75,Hr,kimberly08@williams.com,2017-08-18 00:00:00,Utrecht,4.1
64,Brittney Ayala,54.0,37056.9,Finance,angelacox@gmail.com,2016-12-23 00:00:00,Amsterdam,2.61
320,Heidi Hood,43.0,53047.85,Sales,hollowayshannon@yahoo.com,2022-09-08 00:00:00,Amsterdam,4.03
469,Shari Burke,44.0,47042.48,Hr,cynthia20@yahoo.com,2023-08-19 00:00:00,Eindhoven,1.26
101,Jared Rivera,32.0,33769.44,Sales,atucker@gmail.com,2017-08-11 00:00:00,The Hague,3.45
337,Rebecca Phillips,28.0,42617.54,Sales,oflores@yahoo.com,2021-08-20 12:00:00,Rotterdam,3.68
451,Ms. Alexis Fields,45.0,54059.81,It,paynekimberly@yahoo.com,2022-08-23 00:00:00,The Hague,2.42
409,David Patel,41.0,56804.43,Marketing,shelleybrown@wilkinson-park.biz,2023-10-13 00:00:00,Rotterdam,3.62
108,Emily Simpson,57.0,57618.67,Marketing,alexshaffer@sims-martin.com,2021-05-04 00:00:00,Amsterdam,1.97
169,Ashley Santana,18.0,51319.18,Hr,lucerojennifer@johnson-clark.com,2023-06-02 00:00:00,Utrecht,2.21
40,Justin Brewer,46.0,57952.92,Marketing,ngriffin@richardson.com,2022-05-13 00:00:00,The Hague,2.78
199,Monica George,42.0,55873.13,It,john28@hotmail.com,2023-08-20 00:00:00,Rotterdam,3.72
238,Mary Miller,22.0,55397.33,Sales,jli@wu.com,2021-08-20 12:00:00,Eindhoven,3.03
576,Christopher Butler Jr.,33.0,21832.97,Marketing,gelliott@yahoo.com,2019-08-29 00:00:00,Amsterdam,4.32
193,Amy Cunningham,57.0,58211.41,Sales,richardking@jones.net,2017-05-31 00:00:00,Amsterdam,2.49
705,Rhonda Martinez,39.0,31650.56,Sales,nmiller@hotmail.com,2023-02-25 00:00:00,Amsterdam,2.93
724,Timothy Ritter,24.0,55397.33,Sales,alexismoore@clay.com,2023-11-05 00:00:00,Amsterdam,1.39
67,Robin Anderson,39.0,53919.85,Sales,wgreen@benson.com,2026-02-24 00:00:00,Amsterdam,2.98
68,Lucas Church,34.0,70052.99,Sales,erika42@duffy.com,2017-04-01 00:00:00,Amsterdam,3.63
921,Maria Howard,20.0,71104.48,Marketing,parkerelizabeth@gmail.com,2019-02-28 00:00:00,Amsterdam,3.21
498,Linda Lopez,39.0,52144.92,Finance,patelcharles@hotmail.com,2019-01-01 00:00:00,Rotterdam,2.91
214,Whitney Thompson,29.0,64770.87,It,michael77@young.com,2016-11-14 00:00:00,Rotterdam,4.19
831,Michelle Wilson,39.0,34833.24,Hr,frederickkennedy@yahoo.com,2020-12-11 00:00:00,The Hague,3.38
835,Tanya Lynch,60.0,54479.73,Sales,nicoleodom@moore-olson.com,2024-04-11 00:00:00,Amsterdam,1.97
650,Connie Roberts,52.0,65443.1,It,saradixon@yahoo.com,2021-09-11 00:00:00,Rotterdam,3.9
351,Angela Young,57.0,59663.61,Sales,butlerseth@yahoo.com,2025-10-30 00:00:00,Rotterdam,3.27
862,Aaron Rodriguez,32.0,32263.84,Finance,brianparsons@graves-baker.info,2017-12-27 00:00:00,The Hague,1.81
603,Johnny Brown,37.0,68044.09,Marketing,eschultz@yahoo.com,2021-04-08 00:00:00,Utrecht,3.05
878,Nicole Henderson,40.0,58356.82,Sales,ramirezrobert@gmail.com,2026-05-06 00:00:00,The Hague,1.62
788,Oscar Hill,18.0,61887.7,Hr,tmiller@garrett.com,2021-12-26 00:00:00,Utrecht,4.89
245,Victoria Deleon,63.0,36995.55,Finance,denise28@duke-murray.net,2023-08-04 00:00:00,Amsterdam,2.28
746,Sandra Mitchell,25.0,44113.84,Marketing,gregorywhite@hammond.com,2022-08-31 00:00:00,The Hague,3.29
309,Anita Hess,60.0,63206.46,It,lopezmark@gmail.com,2023-09-13 00:00:00,The Hague,2.07
707,April Reyes,26.0,35793.56,Hr,cooksarah@austin.net,2018-07-25 00:00:00,Amsterdam,1.95
405,Sheila Estes,47.0,48249.02,Sales,lcraig@wolfe.com,2022-11-05 00:00:00,Rotterdam,1.28
3,Kevin Boyd,24.0,64715.33,Sales,wrightjessica@richardson-marshall.com,2023-08-16 00:00:00,Utrecht,4.23
431,Natasha Howell,64.0,37251.12,Marketing,thompsonbrett@gmail.com,2020-12-10 00:00:00,Rotterdam,2.67
545,Jeffrey Fisher,28.0,17925.33,Hr,lindseyjackson@gmail.com,2022-07-03 00:00:00,The Hague,3.45
771,Katherine Sanchez,30.0,65616.28,Marketing,joshuamcdonald@hotmail.com,2019-11-16 00:00:00,Eindhoven,3.2
345,Marvin Gallegos,22.0,47934.43,Hr,davidharris@hernandez-bernard.info,2020-08-13 00:00:00,Utrecht,2.43
980,Kenneth Barnes,58.0,66406.22,Sales,timothy87@reese.com,2021-08-20 12:00:00,Eindhoven,1.33
785,Melissa Hull,47.0,63396.86,Marketing,richardmcgrath@hotmail.com,2025-12-06 00:00:00,Rotterdam,2.19
484,Joseph Bridges,55.0,58051.95,Marketing,courtneyforbes@yahoo.com,2021-12-02 00:00:00,Utrecht,4.13
916,Daniel Dodson,61.0,59185.32,Marketing,albertmartin@cline.com,2017-12-10 00:00:00,The Hague,4.08
358,Marissa Guzman,58.0,55397.33,Marketing,sgriffin@smith.com,2024-10-05 00:00:00,Amsterdam,1.87
558,Tony Owens,25.0,48511.63,Finance,monroewillie@hotmail.com,2021-09-20 00:00:00,Amsterdam,1.4
586,Matthew Melendez,36.0,58723.31,Finance,walkerfaith@riddle.org,2025-10-02 00:00:00,Eindhoven,4.78
722,Jacob Johnston,50.0,29347.47,Finance,harrisjessica@lane-perry.com,2023-06-28 00:00:00,Rotterdam,1.24
965,Megan Floyd,52.0,53653.96,Sales,jamesthomas@yahoo.com,2018-02-08 00:00:00,Rotterdam,1.27
881,Donna Scott,37.0,92903.99,Marketing,crystal98@ali.info,2021-12-25 00:00:00,Eindhoven,1.38
219,Caitlin Leblanc Md,49.0,47719.55,Hr,heatherflynn@hamilton-burns.com,2019-08-10 00:00:00,Amsterdam,4.46
360,Angela Brown,42.0,42591.54,Sales,steven64@gmail.com,2017-07-04 00:00:00,The Hague,3.74
754,Brooke Lawson,45.0,70804.63,Hr,lindseymullins@drake.com,2025-01-09 00:00:00,Amsterdam,2.08
548,Amy Ochoa,45.0,51954.32,Sales,thomaswall@mitchell.net,2021-08-20 12:00:00,Eindhoven,1.17
248,Kathryn Rollins,44.0,55397.33,It,moodyrobin@willis.com,2020-06-08 00:00:00,Amsterdam,2.91
768,Kristy Davis,29.0,81562.01,Sales,valdezjenny@jacobs.info,2017-09-02 00:00:00,Amsterdam,3.12
903,James Maddox,53.0,55431.17,It,erinmueller@yahoo.com,2016-11-15 00:00:00,Amsterdam,1.94
107,Sarah Brown,45.0,55397.33,Sales,wwilkerson@webster.com,2016-12-31 00:00:00,Eindhoven,3.84
988,Justin Durham,44.0,68160.43,It,manningmario@gmail.com,2018-07-10 00:00:00,Amsterdam,1.66
56,Benjamin Stevenson,34.0,68969.2,Marketing,anna78@hotmail.com,2021-09-16 00:00:00,The Hague,4.8
121,Nicole Smith,65.0,66865.48,Hr,gcunningham@garcia.com,2019-10-26 00:00:00,Eindhoven,4.62
801,Shelly Tapia,33.0,69074.26,Marketing,travis53@macias.com,2017-04-22 00:00:00,The Hague,3.14
26,Elizabeth Gibson,21.0,56663.84,Finance,brooke93@gmail.com,2021-08-20 12:00:00,Rotterdam,3.55
73,Kathryn Ochoa,52.0,54462.61,It,medinamichael@moore.com,2022-12-05 00:00:00,Rotterdam,3.29
210,Robert Austin,57.0,112790.97,Marketing,martinezbrandon@rubio-castillo.biz,2023-08-05 00:00:00,Utrecht,4.86
45,Patrick Mclaughlin,57.0,32822.17,Finance,waterssierra@perez.info,2024-10-22 00:00:00,Amsterdam,3.57
315,Cynthia Smith,28.0,74582.18,Finance,lesliehoward@horn-wu.org,2024-09-26 00:00:00,Utrecht,1.2
867,Sonya Howard,24.0,59287.98,Sales,huntshannon@calderon.com,2022-01-16 00:00:00,Rotterdam,1.68
654,William Horton,62.0,38402.11,Sales,moorelydia@arias-estrada.info,2021-04-25 00:00:00,Eindhoven,1.04
329,Ellen White,42.0,64361.8,Sales,gregorytiffany@johnson-davis.info,2022-02-25 00:00:00,The Hague,1.22
926,Faith Mccarty,32.0,32152.2,Marketing,vtanner@harris.info,2023-05-10 00:00:00,The Hague,3.93
352,Christina Simmons,20.0,77130.34,Finance,jenniferrodriguez@yahoo.com,2021-08-08 00:00:00,Rotterdam,1.17
957,Penny Obrien,42.0,60140.88,Marketing,glenda52@powers-lopez.biz,2023-12-13 00:00:00,Rotterdam,4.24
636,Shawn Washington,65.0,30177.15,Marketing,calvincole@jackson.com,2023-07-08 00:00:00,The Hague,4.41
715,Brandon Shannon,65.0,54435.48,Finance,lisasmith@curry.info,2018-03-17 00:00:00,Amsterdam,2.91
371,Victoria Morales,22.0,55367.65,Marketing,irice@gmail.com,2023-06-24 00:00:00,The Hague,2.39
686,Trevor Reyes,45.0,65694.98,Finance,woodschad@gmail.com,2017-12-29 00:00:00,Utrecht,2.91
811,Manuel Jefferson,54.0,52196.93,Marketing,keith30@yahoo.com,2022-10-16 00:00:00,Amsterdam,2.26
539,Katie Nelson,55.0,70094.39,Marketing,debra11@hotmail.com,2016-10-23 00:00:00,Amsterdam,1.62
465,Debra Bass,46.0,53315.08,It,sergio32@jones.com,2017-11-28 00:00:00,Amsterdam,4.24
999,Michelle Miller,47.0,46432.32,Finance,greghogan@wall.com,2026-04-13 00:00:00,Eindhoven,2.84
363,David Shepherd,48.0,53368.6,Sales,allenkatie@gmail.com,2017-12-06 00:00:00,The Hague,2.63
544,Erin Guerra,37.0,76623.53,Marketing,birdjulie@yahoo.com,2018-05-03 00:00:00,The Hague,2.41
618,Ryan Franklin,56.0,65886.5,Sales,koliver@yahoo.com,2019-12-28 00:00:00,Utrecht,1.94
61,Danielle Garner,57.0,47812.39,Sales,tclark@davis.org,2025-07-02 00:00:00,Rotterdam,2.06
842,Christopher Phillips,34.0,65122.29,Sales,mileswalter@gmail.com,2022-07-29 00:00:00,Rotterdam,2.56
225,Julie Davidson,50.0,47921.02,Marketing,lisa36@cantrell.biz,2020-08-06 00:00:00,Eindhoven,4.68
93,Vernon Johns,29.0,44469.2,Sales,steven02[at]navarro-salazar.com,2017-02-24 00:00:00,The Hague,2.3
635,John Morgan,44.0,39818.43,Hr,jvega@goodwin-richard.com,2023-06-11 00:00:00,Eindhoven,1.52
382,Debra Gonzalez,33.0,46009.11,Sales,lopezfred@gmail.com,2019-04-18 00:00:00,Amsterdam,1.6
507,Brianna Howard,51.0,46114.09,Hr,kmolina@drake.com,2019-08-24 00:00:00,Amsterdam,3.39
694,Andrea Wallace,28.0,64239.03,Marketing,hensonnatalie@mccann-ramirez.net,2020-05-19 00:00:00,Amsterdam,3.91
875,Wayne Smith,37.0,54503.1,Marketing,apratt@gmail.com,2022-12-22 00:00:00,The Hague,1.49
854,Richard Griffin,43.0,72835.25,Marketing,charvey@gmail.com,2021-08-20 12:00:00,Amsterdam,2.88
973,Kenneth Johnson,65.0,67609.65,Hr,cassandracarpenter@carr-hicks.org,2022-08-07 00:00:00,Amsterdam,3.34
632,Robert Taylor,56.0,77943.25,It,bbarnes@caldwell.com,2017-09-06 00:00:00,Amsterdam,3.29
347,Daniel Burns,32.0,33278.73,Marketing,monroeashley@johnson.com,2017-12-03 00:00:00,Rotterdam,3.72
353,Brad Robinson,20.0,67864.89,Marketing,obeltran@yahoo.com,2018-03-03 00:00:00,The Hague,3.53
276,Curtis Garcia,55.0,61931.55,Sales,baileymartin@gmail.com,2018-01-17 00:00:00,Eindhoven,4.86
266,Andrea Edwards,53.0,36283.25,Marketing,ygrimes@collins.com,2019-09-29 00:00:00,The Hague,4.26
308,Jenny Jenkins,24.0,46126.43,Sales,lorihoover[at]gmail.com,2022-10-18 00:00:00,Amsterdam,2.25
919,Bradley Garza,46.0,55397.33,It,hintonalan@barker-dixon.net,2023-08-05 00:00:00,Rotterdam,2.63
529,David Snyder,63.0,58895.84,Hr,melissadorsey@hotmail.com,2019-10-20 00:00:00,Amsterdam,4.62
515,Melissa Hall,51.0,46348.43,Hr,dianarobinson@steele-williams.com,2024-06-19 00:00:00,Utrecht,1.06
111,Erin Martin,61.0,26218.43,Marketing,angela66@gmail.com,2020-10-01 00:00:00,Utrecht,4.46
737,Linda Mcdonald,47.0,58840.45,It,ryan20@allen.info,2018-02-18 00:00:00,Amsterdam,1.14
579,Amanda Barnes,27.0,32821.21,Marketing,daniel11@yahoo.com,2018-08-01 00:00:00,Amsterdam,4.87
535,Taylor Le,21.0,45222.46,It,caseytorres@hill-trevino.com,2022-05-11 00:00:00,Eindhoven,2.48
696,Shannon Hopkins,65.0,50356.8,It,coreyscott@johnson.info,2023-11-10 00:00:00,Eindhoven,1.15
534,Shannon Hudson Dds,35.0,36834.76,Sales,victoria30@yahoo.com,2025-10-15 00:00:00,Amsterdam,4.83
449,Ashley Lopez,37.0,47292.0,Finance,jmiller@hotmail.com,2018-10-15 00:00:00,The Hague,1.26
295,Sarah Moore,23.0,60355.23,Hr,sbarajas@hotmail.com,2021-06-26 00:00:00,Utrecht,2.49
300,Charles Thompson,42.0,64444.43,It,vpierce@dalton.biz,2020-02-05 00:00:00,The Hague,3.35
825,Lori Miles,34.0,48317.46,Sales,jonathanfisher@yahoo.com,2022-12-08 00:00:00,Utrecht,4.85
759,Travis Reed,43.0,42124.63,Hr,fpeters@moreno.com,2025-06-05 00:00:00,Amsterdam,1.62
996,Juan Armstrong,28.0,50783.5,Marketing,cookcharles@yahoo.com,2018-04-12 00:00:00,Amsterdam,2.94
750,Peter Moore,53.0,33900.08,Sales,jeffrey39[at]gmail.com,2025-03-23 00:00:00,The Hague,2.19
665,Stephanie Reeves,59.0,44307.31,Sales,samuel09[at]gmail.com,2017-05-09 00:00:00,The Hague,1.77
571,Brian Wise,52.0,55276.28,Sales,codylopez@hotmail.com,2022-12-19 00:00:00,The Hague,3.91
291,James Knox,35.0,51878.17,Marketing,gavin78@phillips-powell.com,2025-02-04 00:00:00,Rotterdam,1.6
775,Kimberly Duncan,50.0,64327.15,Hr,williamsmary@gmail.com,2023-01-04 00:00:00,Amsterdam,1.59
138,Melissa Patterson,42.0,50169.08,Sales,wilkersonmichael@yahoo.com,2017-12-12 00:00:00,Eindhoven,1.86
410,Robert Cisneros,65.0,62716.58,Finance,ashley74@vincent-henson.com,2025-06-19 00:00:00,Amsterdam,4.29
421,Brian Mitchell,42.0,85911.22,It,richard43@gmail.com,2019-07-24 00:00:00,Amsterdam,1.52
742,Austin Gonzales,36.0,35806.35,Hr,zacharyvasquez@hotmail.com,2017-07-31 00:00:00,Amsterdam,3.6
797,Elizabeth Miller,41.0,54406.67,Sales,janetjones@yahoo.com,2017-12-04 00:00:00,Rotterdam,2.71
287,Samuel Jones,62.0,52723.22,Sales,monica76@yahoo.com,2025-03-16 00:00:00,The Hague,4.12
EMP-592,Matthew King,56.0,47835.14,Sales,matthewwhite@perez-smith.net,2019-10-12 00:00:00,Amsterdam,1.02
848,Kathryn Smith,65.0,91829.5,It,sydney28@jimenez-mills.com,2018-03-31 00:00:00,Eindhoven,1.8
30,Christine Dunn,20.0,50624.59,Hr,carol19@hotmail.com,2025-10-24 00:00:00,Utrecht,2.22
261,Brianna Keller,21.0,41096.04,Hr,tonya43@yahoo.com,2019-02-09 00:00:00,Eindhoven,2.42
79,Jessica Greene,33.0,56376.41,Marketing,pamela03@hill-garcia.com,2024-10-05 00:00:00,Utrecht,2.84
216,Laura Erickson,41.0,66384.54,Finance,perezsteven@hotmail.com,2017-03-25 00:00:00,Eindhoven,3.11
789,Jennifer Hall,65.0,53947.51,Marketing,taylorronald@hotmail.com,2026-01-09 00:00:00,The Hague,3.2
166,Benjamin Casey,36.0,61191.71,Sales,lhaney@howard.net,2024-11-13 00:00:00,Utrecht,2.14
249,Ryan Myers,33.0,81481.81,Sales,gabriellebenson@gmail.com,2023-05-28 00:00:00,Utrecht,1.37
786,John Bird,58.0,71211.71,It,edwardscott@hotmail.com,2021-05-02 00:00:00,Amsterdam,3.57
542,Stephanie Wilson,55.0,38054.4,It,williamsnicole@yahoo.com,2021-08-12 00:00:00,Utrecht,1.65
194,Rachel Hernandez,23.0,36313.92,Sales,kyle96@hotmail.com,2021-08-20 12:00:00,Eindhoven,2.51
335,Michael Elliott,46.0,69626.8,Marketing,johnsonlinda@yahoo.com,2022-05-04 00:00:00,Amsterdam,3.73
598,Catherine Barton,18.0,40318.54,Marketing,qfisher@johnson.com,2026-02-02 00:00:00,Rotterdam,4.07
927,Brady Maldonado,46.0,46616.17,Hr,linda62@hotmail.com,2025-12-15 00:00:00,Rotterdam,2.31
66,Christopher Mejia,20.0,75343.6,Hr,garzakim@mitchell-malone.com,2023-05-25 00:00:00,Utrecht,1.73
366,Ryan Fitzpatrick,40.0,48981.69,Finance,randalljessica@yahoo.com,2025-11-13 00:00:00,Amsterdam,1.48
978,Dean Terry,42.0,18641.81,Sales,fpetersen@williams.com,2016-08-24 00:00:00,Amsterdam,3.02
255,Dr. Anthony Church,32.0,32209.45,Sales,kolson@hotmail.com,2020-11-11 00:00:00,Amsterdam,1.34
820,Christopher Moon,33.0,70982.21,Marketing,triley[at]hotmail.com,2022-06-17 00:00:00,Utrecht,2.5
222,Alexandra Martinez,20.0,26991.02,Finance,campbellkimberly@mason.com,2022-05-12 00:00:00,Amsterdam,3.94
236,Vincent Clarke,37.0,64508.79,Marketing,wjackson@torres.com,2018-07-20 00:00:00,Utrecht,3.58
495,Rhonda Cruz,54.0,77846.86,Sales,sextongabriel@houston-patterson.com,2017-05-15 00:00:00,Amsterdam,2.91
523,Tina Nicholson,38.0,45060.64,It,wowens@yahoo.com,2019-09-14 00:00:00,Amsterdam,1.25
297,Jessica Mills,30.0,68494.0,Marketing,michelleturner@gmail.com,2022-02-04 00:00:00,Rotterdam,2.27
581,Jessica Fernandez,43.0,60077.45,It,mathewsanthony@hotmail.com,2020-03-31 00:00:00,Rotterdam,2.19
EMP-959,Michael Cardenas,27.0,63546.51,Marketing,xpugh@gmail.com,2023-07-26 00:00:00,Amsterdam,2.07
250,Christopher Donovan,65.0,61074.73,Sales,chadrose@gmail.com,2026-03-08 00:00:00,Eindhoven,1.3
600,Robert Wilson,56.0,60659.51,It,ihughes@young-morgan.com,2016-09-19 00:00:00,Eindhoven,2.3
448,Benjamin Walsh,29.0,40901.8,It,ginamiles@shah.org,2024-07-03 00:00:00,The Hague,3.29
72,Robert Rodriguez,44.0,78070.55,Marketing,alexanderjames@gmail.com,2021-08-20 12:00:00,The Hague,3.32
95,Melissa Martin,21.0,49118.38,Sales,stephaniemoran@yahoo.com,2017-05-13 00:00:00,Eindhoven,3.85
34,Anthony White,39.0,39134.34,Marketing,maryjohnston@ramirez.com,2018-10-30 00:00:00,Utrecht,3.03
205,Robert Bailey,59.0,34334.96,Hr,thompsonhunter@gmail.com,2026-05-25 00:00:00,Amsterdam,1.8
799,Robert Anderson,42.0,55424.78,Finance,powellbrendan@gaines.com,2018-11-21 00:00:00,Eindhoven,4.26
356,Jason Bauer Dds,25.0,39962.06,Finance,michael66@gmail.com,2018-06-14 00:00:00,Eindhoven,3.7
78,Bailey Perez,42.0,50514.89,It,ruizdouglas@hotmail.com,2020-11-14 00:00:00,Eindhoven,3.26
85,Christy Taylor,36.0,42872.6,It,chad25@yahoo.com,2024-06-28 00:00:00,Amsterdam,1.56
334,Karen Bolton,31.0,44842.57,It,gperry@yahoo.com,2021-04-28 00:00:00,The Hague,3.12
83,Monica Castillo,64.0,77168.41,Marketing,jmorgan@yahoo.com,2018-03-18 00:00:00,Amsterdam,3.59
434,Ruben Edwards,42.0,65763.13,It,umayo@thomas.com,2024-11-17 00:00:00,Amsterdam,4.73
658,Debra Heath,34.0,54638.12,Finance,waynechen[at]jackson.com,2019-07-26 00:00:00,Amsterdam,4.77
458,Hayden Phillips,63.0,39471.37,Marketing,laurapatrick[at]shelton.info,2019-12-16 00:00:00,Eindhoven,4.51
614,Jose Reyes,49.0,38117.66,Marketing,abrown@clayton-mclean.org,2025-05-07 00:00:00,Eindhoven,1.93
324,Kathy Larsen,62.0,86385.81,It,rhernandez@hill.biz,2018-10-13 00:00:00,Amsterdam,1.87
6,Crystal Petty,33.0,51487.95,Finance,dianarogers@hotmail.com,2026-03-29 00:00:00,Amsterdam,3.23
463,Timothy Holmes,24.0,44504.12,It,uhancock@hotmail.com,2020-02-19 00:00:00,Amsterdam,4.22
105,Shelly Moreno,61.0,52580.71,Marketing,jacksonalexander@hotmail.com,2021-08-20 12:00:00,The Hague,1.22
98,Edward Davis,38.0,58915.83,It,johnsonangela@hotmail.com,2022-02-06 00:00:00,Eindhoven,1.27
310,Douglas Cunningham,47.0,51967.11,Finance,martinezchristy@yahoo.com,2022-04-12 00:00:00,Eindhoven,3.6
425,Cameron Nguyen,39.0,64680.64,Sales,paulsnyder@cunningham.org,2023-11-25 00:00:00,Utrecht,1.84
412,Michael Thompson,24.0,38130.37,Marketing,msmith@yang.com,2022-11-19 00:00:00,Amsterdam,2.71
940,Tommy Berger,35.0,46538.82,Sales,patriciamurray@hotmail.com,2026-04-08 00:00:00,Amsterdam,4.17
282,Janet Terry,39.0,64931.96,Sales,yvonne17@werner-farrell.com,2024-06-13 00:00:00,Utrecht,1.08
267,Timothy Yates,42.0,79486.17,Sales,ashleyhall@kent.com,2021-08-20 12:00:00,The Hague,1.88
482,Justin Williams,62.0,40666.89,Marketing,klinemegan@mays.com,2020-01-31 00:00:00,Utrecht,1.25
680,Mr. Bruce Diaz,41.0,74073.33,It,scottwoods@roman-woods.net,2021-08-20 12:00:00,Rotterdam,2.06
596,Jeffrey Neal,42.0,47349.75,Hr,simmonsgabrielle@wilson-warren.com,2016-08-28 00:00:00,Eindhoven,1.16
990,Shannon Henry,18.0,55403.29,Hr,pmiller@williams-robinson.com,2026-01-19 00:00:00,Amsterdam,1.74
930,Meghan Robinson,39.0,54013.75,Sales,rachael19@hotmail.com,2019-05-03 00:00:00,Rotterdam,3.3
849,Margaret Shannon,50.0,45433.9,Finance,sheilasmith@yahoo.com,2017-07-09 00:00:00,Amsterdam,4.8
119,Samuel Burgess,27.0,72142.34,Sales,ucameron@palmer.org,2022-03-03 00:00:00,The Hague,4.34
713,Ann Ortiz,23.0,46826.21,It,john60@yahoo.com,2019-06-08 00:00:00,Amsterdam,1.7
251,Daisy Lucero,38.0,36086.74,Finance,johnsonhannah@day.info,2021-05-21 00:00:00,Utrecht,2.81
669,Brandon Wilson,60.0,15235.45,Marketing,dominguezryan@gmail.com,2022-04-27 00:00:00,Utrecht,4.41
553,Judy Good,26.0,72516.73,It,daniel05@yahoo.com,2019-09-12 00:00:00,Amsterdam,1.33
381,Gina Marquez,31.0,42404.17,Sales,nleonard@weber.org,2020-01-27 00:00:00,Utrecht,2.8
10,Christopher Bailey,42.0,63138.4,Marketing,wilsonkim@gmail.com,2021-08-11 00:00:00,Utrecht,1.45
372,Abigail Garner,54.0,55397.33,Finance,suarezmatthew@gmail.com,2019-07-19 00:00:00,The Hague,2.18
197,Michelle Kelley,43.0,41742.14,It,farleythomas@leblanc.biz,2025-09-06 00:00:00,Eindhoven,3.71
82,Jessica Vargas,21.0,60356.69,Marketing,agonzalez@ruiz-alvarado.org,2017-05-05 00:00:00,Utrecht,4.1
433,Brandon Lambert,27.0,50958.9,Marketing,youngmelissa@gomez-thompson.info,2024-02-16 00:00:00,The Hague,3.13
528,Nicholas Ellis,37.0,55721.27,It,luke01@pham.com,2017-05-30 00:00:00,Utrecht,4.08
757,Scott White,24.0,62399.77,Sales,bmorton@carr.com,2023-11-14 00:00:00,Utrecht,3.36
240,Jesse Mcintyre,59.0,67786.5,Marketing,tking@edwards.org,2024-07-23 00:00:00,Rotterdam,1.23
704,Renee Edwards,63.0,33873.08,Sales,matthew96@gomez-wilson.org,2020-03-26 00:00:00,Amsterdam,3.4
212,Harry George,44.0,72033.48,Sales,yperry@velez-fisher.com,2019-07-16 00:00:00,Rotterdam,2.39
763,Michelle White,61.0,93401.27,Marketing,taylor84@barber.net,2017-09-13 00:00:00,The Hague,1.76
414,Rachel Salas,56.0,74165.15,Marketing,wendycochran@boyd.net,2021-11-16 00:00:00,Amsterdam,2.02
514,Kevin Warren,39.0,41386.55,It,dmiller@davis.com,2022-06-09 00:00:00,Amsterdam,4.81
228,Allison Carney,47.0,38833.83,Sales,rsweeney@lloyd.com,2021-05-16 00:00:00,Eindhoven,4.3
910,Nathan Walker,32.0,87448.82,It,cooktina@mcbride.com,2025-01-11 00:00:00,Utrecht,4.48
426,Courtney Pittman,64.0,75529.47,Marketing,bakerabigail@moore-riddle.com,2021-08-20 12:00:00,Utrecht,1.68
845,Linda Garcia,42.0,57496.78,It,rjones@gmail.com,2023-08-25 00:00:00,Utrecht,1.55
178,Raymond Palmer,42.0,76803.01,Hr,rwilliams@yahoo.com,2018-06-12 00:00:00,Rotterdam,4.75
993,Joseph Petty,42.0,55397.33,Hr,goodmankenneth@yahoo.com,2025-02-04 00:00:00,Utrecht,2.91
450,Mr. Scott Rogers,31.0,39111.8,Marketing,jonesemily@jones.com,2024-05-09 00:00:00,Amsterdam,3.12
526,Cindy Keller,19.0,27926.77,Marketing,dmoyer@gmail.com,2019-06-19 00:00:00,Utrecht,2.68
527,Laura Romero,51.0,30586.86,Finance,towen@clark-lynch.com,2016-08-26 00:00:00,Utrecht,2.94
537,Nathan Torres,55.0,42093.8,Hr,kbryant@yahoo.com,2025-09-08 00:00:00,The Hague,4.95
424,Joseph Conrad,30.0,69573.56,Hr,heathermitchell@blake.info,2024-04-14 00:00:00,Amsterdam,3.96
8,Yolanda Farley,33.0,66511.52,Marketing,caroline13@ingram.com,2023-09-20 00:00:00,The Hague,2.6
156,Steven Maxwell,56.0,44284.73,Marketing,barrybailey@garner.com,2018-09-23 00:00:00,The Hague,1.91
577,Cynthia Phelps,25.0,58534.22,It,christianhernandez@mitchell.com,2020-01-29 00:00:00,Eindhoven,4.22
330,Colton Thompson,32.0,64425.18,Marketing,andersonmichelle@white.com,2025-04-12 00:00:00,The Hague,3.19
532,Jacqueline Garcia,36.0,30077.2,Sales,stephen59@lopez.org,2017-11-19 00:00:00,Rotterdam,4.2
823,Michael Norris,31.0,89483.47,Sales,oarcher@ford-austin.com,2023-07-28 00:00:00,Amsterdam,4.75
826,Tyler Tucker,28.0,76800.77,Finance,elijah19@shaw.org,2016-11-17 00:00:00,Eindhoven,4.29
604,William Carter Md,45.0,75334.57,Marketing,aclark@yahoo.com,2024-06-13 00:00:00,Amsterdam,1.16
829,Timothy Lewis,30.0,48697.2,Marketing,christinajohnson@rangel.org,2021-10-21 00:00:00,Rotterdam,2.39
616,Jason Randolph,50.0,56938.32,Marketing,michellecervantes@wilson.com,2024-06-04 00:00:00,Amsterdam,3.63
992,Hannah Nelson,24.0,24373.98,It,jasonschaefer@yahoo.com,2023-03-31 00:00:00,Utrecht,4.59
605,James Richards,49.0,61201.52,Marketing,esanders@hotmail.com,2020-09-16 00:00:00,Eindhoven,1.32
478,Kimberly Wilson,40.0,59668.75,Finance,iblackwell@hotmail.com,2025-09-13 00:00:00,Amsterdam,1.95
809,Adrian Richardson,59.0,73836.34,Sales,garciastephanie@yahoo.com,2021-08-20 12:00:00,Amsterdam,2.7
621,Kelly Clay,25.0,43142.88,Sales,james21@gmail.com,2017-09-23 00:00:00,Amsterdam,4.29
753,Kathryn Hoover,55.0,40361.9,Hr,valdezjames@olson.com,2024-08-30 00:00:00,The Hague,2.02
905,David Mack,49.0,57866.49,Marketing,aprilberry@gmail.com,2020-11-10 00:00:00,Rotterdam,1.09
164,Holly Mcgee,28.0,42689.77,Finance,psmith@gmail.com,2024-07-28 00:00:00,Utrecht,2.28
229,Aaron Sanchez,49.0,44270.44,Marketing,jesusbrown@gmail.com,2021-08-20 12:00:00,Amsterdam,1.5
EMP-865,Jason Swanson,45.0,45808.17,Hr,jay58@yahoo.com,2019-05-11 00:00:00,The Hague,3.43
979,Eric Smith,40.0,31241.46,Finance,mroberts@yahoo.com,2016-12-17 00:00:00,The Hague,4.72
213,Michael Stewart,42.0,69310.03,It,bfreeman[at]smith.info,2024-03-08 00:00:00,Amsterdam,4.4
80,Deborah Medina,22.0,25186.47,It,adambarnes@gmail.com,2018-08-23 00:00:00,Eindhoven,3.76
149,Joshua Munoz,42.0,62829.12,Finance,kristi41@gmail.com,2021-05-26 00:00:00,Rotterdam,4.25
303,Kristin Johnson,34.0,66209.4,Marketing,mariah84[at]little.com,2026-04-14 00:00:00,Amsterdam,1.43
389,Sandra Gardner,42.0,69256.36,Sales,cwilliams@gmail.com,2017-09-19 00:00:00,Amsterdam,1.42
519,Michelle Baldwin,26.0,56489.98,Finance,anthony52@preston-romero.com,2025-02-09 00:00:00,Amsterdam,2.86
890,Dr. Seth Perez,45.0,71630.55,It,charleshoover@yahoo.com,2021-02-17 00:00:00,Amsterdam,2.91
44,John Willis,56.0,50483.44,Finance,alexanderwhitehead@bowman-brown.com,2019-01-04 00:00:00,Amsterdam,2.56
391,Michael Taylor,52.0,41523.78,Marketing,parkwendy@robertson.info,2018-01-22 00:00:00,Amsterdam,3.16
134,Mr. Jose Haynes,36.0,62103.89,Sales,stephanie06@gmail.com,2021-08-14 00:00:00,Eindhoven,3.41
716,Brian Harris,34.0,71549.53,Sales,francokim@gmail.com,2021-03-20 00:00:00,Eindhoven,3.54
312,Christina Vaughn,64.0,71481.65,Hr,qgreen@collins.net,2025-03-12 00:00:00,Eindhoven,2.76
491,Rose Garcia,42.0,54880.41,Marketing,pcannon@ruiz.com,2021-08-27 00:00:00,Amsterdam,4.43
1000,April Adams,19.0,63588.74,Hr,xjefferson@yahoo.com,2020-03-18 00:00:00,Eindhoven,2.3
697,Dominique Smith,47.0,59892.0,Marketing,hmorris@gmail.com,2016-09-11 00:00:00,Eindhoven,1.56
837,Katrina Hopkins,43.0,78257.51,Sales,dvalencia@hotmail.com,2025-07-10 00:00:00,Amsterdam,2.56
1,Dr. Todd Lester,32.0,62450.71,Sales,omartin@french.com,2021-10-17 00:00:00,Amsterdam,2.91
494,Richard Jones,42.0,42080.74,Marketing,gallegosstephanie@hotmail.com,2019-06-01 00:00:00,Eindhoven,1.87
383,Timothy Cook,51.0,23141.56,It,agreen@beck-pierce.com,2018-03-18 00:00:00,The Hague,4.43
317,Luke Garcia,42.0,65229.29,Marketing,kathleen08@gmail.com,2020-11-17 00:00:00,Eindhoven,4.8
766,Timothy Rogers,52.0,44452.35,Sales,bianca68@gmail.com,2023-03-29 00:00:00,Utrecht,2.91
584,Nicole Anderson,42.0,89060.39,Sales,chloe01@yahoo.com,2023-02-10 00:00:00,Amsterdam,2.22
866,Glen Lewis,25.0,49184.48,Sales,melissarobinson@perez-sims.net,2020-04-24 00:00:00,Rotterdam,1.26
991,Krista Nelson,41.0,55397.33,It,qperkins@reed.com,2024-07-19 00:00:00,Eindhoven,3.8
429,Stephanie Wallace,42.0,70876.37,Finance,tiffany79@hotmail.com,2025-04-05 00:00:00,Utrecht,3.74
173,Paul Kelly,54.0,53843.47,Hr,ggomez@johnson.com,2024-04-04 00:00:00,Amsterdam,3.72
126,Tracy King Md,42.0,87856.83,Marketing,williamherrera@salinas-henderson.biz,2018-02-10 00:00:00,Eindhoven,1.44
454,Tara Crosby,38.0,62560.7,Sales,flindsey@michael-skinner.com,2017-03-20 00:00:00,Amsterdam,3.28
483,Sonya Parker,57.0,55397.33,Sales,leslielee@ross-smith.com,2023-06-26 00:00:00,Utrecht,2.01
589,William Bentley,35.0,67455.04,Finance,dawn06@yahoo.com,2017-03-23 00:00:00,Rotterdam,3.4
587,Pamela Ellison,58.0,48109.59,Sales,evansandrew@yahoo.com,2023-01-11 00:00:00,Amsterdam,4.41
91,James Phelps,47.0,56456.16,Hr,ryan60@coffey.info,2018-08-12 00:00:00,Amsterdam,1.2
997,Jose Jones,58.0,81965.3,Sales,jamesdickerson@yahoo.com,2018-06-06 00:00:00,Utrecht,4.12
EMP-182,Joy Blackwell,38.0,42142.64,Finance,acrane@soto.org,2017-07-20 00:00:00,The Hague,2.89
364,Ashley Peck,18.0,61025.68,Hr,davidthomas@gmail.com,2016-09-01 00:00:00,Utrecht,1.43
275,Kimberly Carter,20.0,40277.37,Finance,joshua10@hotmail.com,2022-02-15 00:00:00,The Hague,1.25
950,Johnny Jordan,64.0,55397.33,Sales,crawfordgeorge@gmail.com,2021-10-07 00:00:00,Utrecht,4.07
70,Zachary Whitaker,28.0,45323.2,Sales,jillian71@fernandez.com,2022-07-08 00:00:00,Amsterdam,2.85
292,Brian Stewart,60.0,47604.99,Hr,johnsonashley@yahoo.com,2019-08-28 00:00:00,Utrecht,2.04
132,Mrs. Ashley Wright,20.0,56028.44,Hr,melissa91@gmail.com,2020-03-10 00:00:00,Amsterdam,4.46
301,Brooke Hampton,56.0,42565.07,Finance,michaelkrause@yahoo.com,2022-07-26 00:00:00,Utrecht,4.98
508,Jessica Kelly,44.0,55397.33,Hr,chavezlaura@evans.info,2018-05-24 00:00:00,Amsterdam,3.48
327,Brian Taylor,28.0,72371.66,Marketing,xlang@yahoo.com,2024-08-21 00:00:00,Amsterdam,4.14
145,Chad Kennedy,55.0,58898.24,Marketing,timothy26@gmail.com,2018-12-15 00:00:00,Utrecht,4.37
486,Tammy Phillips,40.0,33666.19,It,franklinwendy@valenzuela.com,2021-04-29 00:00:00,Rotterdam,2.86
844,Maurice Williams,39.0,60736.15,Finance,fwilson@hotmail.com,2021-09-21 00:00:00,Amsterdam,1.63
850,Lisa Williams,29.0,47035.05,Sales,nathanielshah@huff.com,2024-03-07 00:00:00,Rotterdam,4.12
136,Ms. Madison Mitchell,27.0,78249.02,Marketing,makayla45@gmail.com,2021-08-20 12:00:00,Rotterdam,4.11
468,Jacob Smith,40.0,66362.62,Hr,kenneththompson@smith.biz,2017-12-08 00:00:00,Amsterdam,4.19
165,Deborah Mendez,64.0,69450.64,Sales,michaelcollins@gmail.com,2021-07-21 00:00:00,Rotterdam,2.91
29,Sarah Williams,29.0,45990.42,Sales,jevans@rodriguez.com,2025-10-01 00:00:00,Eindhoven,4.21
599,Jessica Nelson,61.0,48335.6,It,colton86@yahoo.com,2019-05-17 00:00:00,Utrecht,1.62
446,Angela Harris,33.0,65045.09,Marketing,joseph94@brewer-doyle.org,2019-09-28 00:00:00,Amsterdam,2.91
679,Chad Meza,53.0,69035.18,Sales,michellewilliams@hotmail.com,2025-03-14 00:00:00,Utrecht,1.92
585,Cynthia Chen,59.0,57727.99,Sales,matthewburns@dixon.biz,2021-05-23 00:00:00,Utrecht,2.81
536,Devin Armstrong,23.0,55710.98,Finance,thomassullivan@hotmail.com,2018-11-30 00:00:00,Eindhoven,2.15
141,Brett Bryant,19.0,58411.9,Marketing,jacqueline25@gmail.com,2020-08-15 00:00:00,The Hague,1.52
174,Karen Dunn,42.0,60117.28,Marketing,fisherjoseph@sanders.com,2017-11-13 00:00:00,Utrecht,3.89
7,Jennifer Adkins,42.0,78688.19,Hr,arieljohnson@hotmail.com,2025-06-26 00:00:00,Amsterdam,2.26
EMP-683,Brandon Avila,43.0,47132.2,Sales,rushjames@scott-meza.org,2019-02-01 00:00:00,The Hague,4.96
530,Phyllis Padilla,46.0,41435.25,Hr,michael45@hotmail.com,2021-07-27 00:00:00,Amsterdam,2.27
693,Nathaniel Leonard,29.0,38784.05,Hr,veronica70@chen-knight.com,2020-07-26 00:00:00,Eindhoven,2.54
74,Mark Wheeler,63.0,78469.65,Finance,tstanton@hotmail.com,2025-05-25 00:00:00,Amsterdam,4.92
899,Michael Fernandez,51.0,73097.63,Sales,fisherjennifer@yahoo.com,2023-02-23 00:00:00,The Hague,2.41
239,Rebecca Fletcher,42.0,45073.2,It,wilsonross@schmidt-davis.com,2017-08-04 00:00:00,Rotterdam,4.9
146,Joseph Nguyen,42.0,66727.34,Hr,annettemassey@gilbert.com,2025-01-28 00:00:00,Amsterdam,1.12
906,Joshua Briggs,61.0,55696.55,Sales,john25@gmail.com,2021-08-20 12:00:00,Amsterdam,1.5
235,Ashley Ray,38.0,87159.16,Hr,williamskevin@miller.net,2024-08-18 00:00:00,The Hague,3.4
221,Mary Farley,28.0,89719.88,Marketing,rmiranda@hotmail.com,2018-05-11 00:00:00,The Hague,3.04
215,Sharon Jones Dvm,30.0,50270.96,Finance,brenda04@johnson.com,2020-01-08 00:00:00,Rotterdam,2.11
963,Sarah Lewis,28.0,57947.82,Marketing,duranandrew@yahoo.com,2021-05-17 00:00:00,Amsterdam,2.49
133,Mark Fleming,42.0,39065.44,Hr,kristophergreene@harper.net,2016-06-23 00:00:00,The Hague,2.07
617,Manuel Williams,61.0,56640.92,It,benjaminwhite@gmail.com,2017-04-20 00:00:00,Rotterdam,3.49
846,Kristin Lester,23.0,62386.77,Marketing,clayton15@roberts.com,2017-06-03 00:00:00,Eindhoven,2.74
423,James Bryant,38.0,51265.54,Marketing,gwest[at]hobbs-martinez.com,2025-12-13 00:00:00,Utrecht,3.46
186,Abigail Guerra,33.0,65710.01,Sales,angelasmith@johnson-scott.info,2016-10-25 00:00:00,Amsterdam,2.44
42,Alexis Harvey,32.0,57570.52,Hr,torreseric@grimes-wright.com,2021-08-20 12:00:00,Utrecht,3.17
651,Erica Thomas,61.0,82734.34,Marketing,jonathan94@gmail.com,2017-02-14 00:00:00,Eindhoven,2.09
109,Sarah Waters,39.0,58863.26,Sales,kristen40@clark-thornton.com,2025-01-31 00:00:00,The Hague,1.78
EMP-717,Kyle Hardy,20.0,56713.41,It,samuellong@gmail.com,2024-07-09 00:00:00,Amsterdam,3.66
57,Destiny Boone,51.0,42411.74,Sales,robert60@gmail.com,2026-03-08 00:00:00,Utrecht,2.91
708,Molly Rose,38.0,81321.91,Sales,ryanbrown[at]stone.com,2019-07-03 00:00:00,Eindhoven,3.59
994,Howard Davidson,30.0,44770.24,It,jacquelineanderson@thompson.com,2023-09-13 00:00:00,Amsterdam,1.72
914,Michael Clark,42.0,78661.8,Finance,brittanyford@griffin.org,2025-12-10 00:00:00,Amsterdam,3.17
436,Julie Lucero,63.0,56111.42,Hr,cheryl54@gmail.com,2020-12-09 00:00:00,Rotterdam,1.66
25,Joshua Noble,34.0,46834.26,Sales,zgarrett@yahoo.com,2020-10-25 00:00:00,Utrecht,3.42
480,Michael Tran,51.0,71793.62,Marketing,ashley73@hotmail.com,2026-02-03 00:00:00,Amsterdam,3.65
583,Angela Miller,28.0,64491.73,Marketing,mcdowellnicholas@trevino.com,2023-04-23 00:00:00,Amsterdam,4.25
81,Megan Bell,42.0,51704.92,Marketing,cameron44@gmail.com,2018-06-15 00:00:00,Amsterdam,4.91
671,Katherine Diaz,31.0,73691.28,Sales,vazquezaaron@yahoo.com,2017-01-26 00:00:00,Amsterdam,2.43
892,Richard Hansen,29.0,62609.11,It,linda83@yahoo.com,2017-04-12 00:00:00,Eindhoven,3.86
984,Richard Carr Dds,65.0,54284.33,Sales,burnettmichael@yahoo.com,2020-11-17 00:00:00,Rotterdam,2.91
339,Clarence Orozco,42.0,61193.97,Sales,wangjoseph@griffin.biz,2020-11-06 00:00:00,Eindhoven,2.8
52,Alexis Guzman,48.0,49223.77,Sales,brooke19@gmail.com,2016-09-13 00:00:00,Rotterdam,4.32
384,Teresa Jackson,58.0,47113.67,Marketing,tammykaiser@freeman-middleton.net,2021-06-17 00:00:00,The Hague,3.23
550,Mary Martin,65.0,45940.22,It,nelsondouglas@hotmail.com,2020-09-09 00:00:00,Amsterdam,3.45
674,Madison Parker,51.0,49428.39,Marketing,adamhernandez@marks.org,2022-09-07 00:00:00,Amsterdam,1.47
982,Joseph Hopkins,36.0,61381.86,Finance,lgreen@strickland-davis.info,2023-09-16 00:00:00,The Hague,2.45
265,Paul Goodman,42.0,51211.48,It,danielkelly@hotmail.com,2025-01-12 00:00:00,Rotterdam,3.93
573,Jennifer Garrett,33.0,59903.91,Sales,tarajones@yahoo.com,2021-08-20 12:00:00,Eindhoven,2.94
951,William Higgins,28.0,51381.46,Finance,leevincent@hotmail.com,2023-12-04 00:00:00,Rotterdam,4.64
445,Kendra Beck,58.0,35432.96,Hr,lyoder@yahoo.com,2021-08-20 12:00:00,Amsterdam,2.83
396,Andrew Powell,57.0,47962.37,Marketing,audrey41@martinez-king.com,2020-11-14 00:00:00,Amsterdam,1.61
552,Sue Baker,61.0,52664.84,Hr,qdixon@gmail.com,2023-04-30 00:00:00,Eindhoven,1.86
177,Daniel Thomas,29.0,55195.03,Finance,tmartin@yahoo.com,2024-08-08 00:00:00,Rotterdam,4.34
19,Joe Banks,49.0,41379.64,Sales,angela11@hotmail.com,2021-08-20 12:00:00,Amsterdam,4.94
761,Michael Davis,63.0,46365.43,Sales,davisbreanna@hotmail.com,2019-12-30 00:00:00,Amsterdam,4.79
533,Danny Nguyen,20.0,54008.8,Marketing,robertjohnson@medina.com,2016-11-27 00:00:00,Eindhoven,2.43
606,Melissa Obrien,33.0,83151.94,It,towens@yahoo.com,2025-05-13 00:00:00,Amsterdam,3.05
619,Melissa Hardin,29.0,62215.14,Marketing,msoto[at]campbell.com,2021-08-20 12:00:00,Amsterdam,3.47
368,Katherine Smith,23.0,55188.89,Hr,mcarroll@logan-carpenter.com,2025-08-14 00:00:00,Amsterdam,2.54
84,Jeffrey Gregory,36.0,47225.95,Hr,gregory65@hotmail.com,2020-06-25 00:00:00,Utrecht,3.12
62,Melissa Tran,62.0,52215.12,It,jennifer07[at]powell.org,2021-02-01 00:00:00,Utrecht,3.81
500,David Smith,52.0,34258.0,Sales,ihart@hotmail.com,2024-09-02 00:00:00,Amsterdam,1.15
273,Carolyn Sloan Md,49.0,72447.46,It,marywhitehead[at]smith.com,2022-08-06 00:00:00,Amsterdam,3.5
286,James Martinez,25.0,25718.68,Hr,gmccall@higgins.info,2017-02-19 00:00:00,Rotterdam,4.84
361,Donna Pope,52.0,62790.2,Sales,jasonmiller@soto-joyce.biz,2018-06-21 00:00:00,The Hague,2.91
355,Jeffrey Morrison,48.0,54714.76,Sales,bryanyoung@yahoo.com,2025-11-29 00:00:00,Rotterdam,1.92
939,Timothy Johnson,46.0,58657.01,Sales,hsmith@gmail.com,2022-01-26 00:00:00,Amsterdam,3.83
279,Thomas Hopkins,22.0,56047.03,Marketing,jodimartin@castillo-cuevas.com,2020-11-21 00:00:00,Utrecht,3.08
13,Melanie Richards,52.0,58629.43,Hr,gainesmark@jones.com,2021-10-16 00:00:00,Rotterdam,2.06
183,Lindsay Wilson,53.0,38936.61,Finance,oconnorchase@nixon.com,2026-01-21 00:00:00,Rotterdam,2.02
369,Alicia Gutierrez,29.0,56465.14,Finance,joyce36[at]yahoo.com,2026-04-04 00:00:00,The Hague,2.91
637,Andrew Mays,37.0,67347.56,It,stevenssarah@walton.com,2018-07-08 00:00:00,Rotterdam,4.14
656,Nicole Smith,58.0,55888.28,Sales,harriskaren@arellano-solomon.biz,2022-07-27 00:00:00,Rotterdam,3.21
224,Dr. Bryan Brown,31.0,30809.26,Sales,christine74@bauer-lester.net,2020-06-09 00:00:00,Utrecht,3.39
741,Janet Gonzalez,24.0,27386.89,Sales,blackstephanie@torres-mccoy.com,2025-12-25 00:00:00,Amsterdam,4.4
744,Hannah Clayton,55.0,55391.37,Hr,erinthompson@yahoo.com,2023-01-14 00:00:00,Amsterdam,1.48
721,Desiree Clark,42.0,55397.33,Sales,hannahmaddox@moore-lopez.com,2019-06-23 00:00:00,Amsterdam,2.15
582,Timothy Huffman,59.0,48770.68,Sales,barrettrachel@hotmail.com,2024-02-29 00:00:00,Eindhoven,2.88
487,Sarah Gray,61.0,45301.41,Finance,garciatiffany@dalton.com,2019-08-19 00:00:00,Eindhoven,1.05
543,Melissa Wiley,51.0,62947.06,Sales,lroy@gmail.com,2025-09-14 00:00:00,Rotterdam,4.06
466,Lindsay Cooper,42.0,51685.46,It,alvareznatalie@johnson.biz,2018-09-23 00:00:00,Eindhoven,2.88
622,Angela Garcia,28.0,62072.03,Marketing,ebonymccullough@lee-ball.com,2021-12-17 00:00:00,Amsterdam,4.48
496,Victoria Diaz,50.0,63083.65,Sales,rdominguez@gmail.com,2022-01-19 00:00:00,Amsterdam,4.12
821,Mr. Devin Brown,40.0,47240.67,Marketing,zpatel@taylor.com,2026-04-17 00:00:00,Amsterdam,1.34
668,Robert Graves,42.0,77559.89,Marketing,megan74@hotmail.com,2023-06-09 00:00:00,Amsterdam,2.69
457,Mark Perry,27.0,53394.54,Sales,steven96@gmail.com,2020-07-01 00:00:00,The Hague,4.37
394,James Burnett,30.0,82471.88,Marketing,schmidtmegan@yahoo.com,2022-12-23 00:00:00,Amsterdam,3.95
676,Dylan Lowery,50.0,43332.75,Finance,umartinez@hotmail.com,2016-12-21 00:00:00,Eindhoven,4.16
714,Sarah Melendez,39.0,60987.04,Finance,dustin09@gmail.com,2020-12-31 00:00:00,Amsterdam,1.05
376,Kyle Rodriguez,65.0,43489.79,Hr,banksbriana@white.com,2024-03-14 00:00:00,Amsterdam,1.97
413,Michael Hall,52.0,31988.29,Finance,jenniferelliott@yahoo.com,2022-11-12 00:00:00,The Hague,4.97
935,Juan Crawford,55.0,61600.22,Sales,brittanyherrera@yahoo.com,2025-03-06 00:00:00,Utrecht,1.19
501,Karen Gomez,59.0,68892.66,Finance,elizabeth63@jennings.org,2020-05-10 00:00:00,The Hague,1.6
597,Katherine Green,27.0,50951.88,Sales,pamela20@adams.com,2017-09-29 00:00:00,Rotterdam,4.0
418,Edward Whitaker,64.0,56735.12,Finance,irobertson@johnson-young.com,2021-08-20 12:00:00,Utrecht,4.52
90,Nicole Foster,46.0,62699.01,Hr,michael64@garcia.com,2025-07-03 00:00:00,Amsterdam,2.47
977,Benjamin Aguirre,61.0,48215.41,Hr,rodneycollins@yahoo.com,2023-01-08 00:00:00,Utrecht,3.07
847,Tonya Vargas,63.0,59337.53,Finance,david69@vaughn.com,2023-10-23 00:00:00,The Hague,2.25
732,Nicole Cooke,35.0,40324.41,It,westchris@yahoo.com,2021-03-24 00:00:00,Amsterdam,1.49
12,John Raymond,51.0,48014.05,Marketing,medinajeffery@yahoo.com,2021-08-20 12:00:00,Utrecht,1.96
397,Bradley Paul,18.0,29302.98,Hr,jenningsrichard[at]yahoo.com,2025-12-21 00:00:00,Eindhoven,2.25
569,Steven Martinez,31.0,26938.12,Sales,suzanne72@delgado-watkins.com,2020-12-19 00:00:00,Utrecht,2.73
43,Jonathan Fischer,62.0,55397.33,Finance,gary36@humphrey-francis.com,2025-07-04 00:00:00,Utrecht,4.01
EMP-168,James White,29.0,83451.89,Marketing,emily88@baker.com,2023-08-28 00:00:00,The Hague,2.31
417,Joshua Floyd,31.0,78267.28,Marketing,rmccoy@hotmail.com,2025-07-06 00:00:00,Eindhoven,4.3
804,Shawna Smith,64.0,55397.33,It,amy93@obrien.com,2025-08-03 00:00:00,The Hague,1.3
427,Benjamin Nelson,18.0,40526.15,Marketing,mitchell70@burgess.com,2017-05-08 00:00:00,Amsterdam,2.44
936,George Newman,42.0,47469.19,Hr,sosaandrew@fry.org,2021-09-07 00:00:00,Eindhoven,3.08
729,Emily Pittman,48.0,46903.6,Sales,rileymichelle@yahoo.com,2020-08-12 00:00:00,Eindhoven,2.18
653,Pamela Kennedy Dvm,42.0,50966.67,Sales,xjones@hotmail.com,2020-12-23 00:00:00,Amsterdam,2.41
336,David Miller,36.0,55397.33,Sales,jenniferortiz@hotmail.com,2024-02-28 00:00:00,The Hague,2.78
16,Scott Browning,54.0,46565.69,Hr,jessica92@nelson.net,2021-05-23 00:00:00,Rotterdam,1.38
685,Charles Reyes,46.0,36668.08,Marketing,imorris[at]hotmail.com,2020-03-29 00:00:00,Rotterdam,2.22
325,Lisa Bell,63.0,39909.74,Hr,carlataylor@hotmail.com,2020-06-07 00:00:00,Utrecht,3.84
223,Bryan Hardy,23.0,65293.9,Sales,fergusonbruce@moore-miller.com,2022-02-06 00:00:00,Amsterdam,3.35
180,Brandon Shaw,50.0,95802.54,Marketing,ramseymichael@yahoo.com,2020-09-20 00:00:00,Amsterdam,4.27
100,Rachel Howell,56.0,51481.19,Sales,ryan60@alvarado.biz,2023-05-06 00:00:00,Amsterdam,2.93
522,Stephen Lopez,31.0,63150.4,It,ricardosullivan@perez.com,2022-09-05 00:00:00,Eindhoven,3.95
23,Allen King,37.0,56012.92,Sales,aharrison@gmail.com,2021-08-20 12:00:00,Amsterdam,3.15
357,Betty Horton,26.0,54722.3,Hr,nathan68@vincent.com,2021-09-03 00:00:00,The Hague,1.59
751,Joshua Becker,20.0,41151.5,Marketing,moyerlori@yahoo.com,2019-06-05 00:00:00,The Hague,2.78
187,Brian Payne,48.0,62098.56,It,abigail14@payne.biz,2025-01-14 00:00:00,Eindhoven,1.18
341,Amber Holland,46.0,42666.69,Sales,haley32@conway-ferguson.biz,2019-05-05 00:00:00,The Hague,1.88
432,Susan Dean,26.0,24411.52,Hr,kevin90@cox-weber.org,2024-08-11 00:00:00,Rotterdam,4.45
588,Joseph Williams,28.0,42252.33,Sales,michaelprince[at]richardson-tucker.info,2023-07-09 00:00:00,Eindhoven,4.31
886,Brittany Herrera,27.0,82700.61,It,msims@yahoo.com,2020-06-16 00:00:00,Eindhoven,3.49
204,Mrs. Beverly Palmer,57.0,70807.03,Sales,lpeterson@lutz.biz,2021-08-20 12:00:00,Utrecht,4.37
781,Ryan Combs,37.0,57665.52,Sales,nicole13@yahoo.com,2024-06-01 00:00:00,Amsterdam,1.51
595,Derek Cole,51.0,70563.1,Hr,mhiggins@gmail.com,2018-01-05 00:00:00,Rotterdam,3.22
69,Ann Reynolds,58.0,60424.54,Sales,haynesjennifer@singh-ramsey.com,2024-06-29 00:00:00,Utrecht,2.75
663,Timothy Webster,62.0,54508.7,Hr,bcarter@gmail.com,2023-10-15 00:00:00,Amsterdam,2.21
285,Michael Nichols,54.0,55397.33,Sales,fpearson@ramirez-miller.com,2021-08-20 12:00:00,Eindhoven,1.2
EMP-853,Joseph Murray,25.0,45439.19,Marketing,barbara46@yahoo.com,2022-03-18 00:00:00,The Hague,2.91
435,Natasha Smith,57.0,77535.36,Marketing,shannonvance@hanson.biz,2020-06-16 00:00:00,Rotterdam,2.91
76,Lindsay Smith,23.0,67328.54,Sales,powellyolanda@chavez.com,2016-06-27 00:00:00,Utrecht,3.51
778,Haley Duran,38.0,51287.22,Finance,williamskaren@hotmail.com,2018-06-08 00:00:00,Eindhoven,1.74
447,Kevin Jones,29.0,60498.97,Marketing,melissawilliams@stuart.biz,2018-03-13 00:00:00,Amsterdam,3.67
189,Eric Rogers,49.0,42298.09,Marketing,cholmes@yahoo.com,2016-06-01 00:00:00,Amsterdam,4.18
272,William Garcia,42.0,33462.07,Finance,stoneyvonne@wolfe.com,2024-01-18 00:00:00,Amsterdam,3.16
237,Ashley Buckley,58.0,24622.86,Marketing,matthewtorres@gmail.com,2021-08-20 12:00:00,Utrecht,1.53
488,Chelsea Palmer,20.0,38776.78,Marketing,marc62@castro.net,2025-06-16 00:00:00,Eindhoven,3.44
560,Sean Bowman,50.0,48685.23,It,wthompson@gmail.com,2022-09-07 00:00:00,Amsterdam,2.91
118,Timothy Galvan,51.0,37469.83,Marketing,kimberly76@gmail.com,2024-09-14 00:00:00,Utrecht,2.24
868,Destiny Adams,42.0,60016.85,Marketing,mbrown@yahoo.com,2018-10-17 00:00:00,Amsterdam,1.95
513,Debbie Graham,64.0,51415.78,It,hamiltonjeffrey@hotmail.com,2016-11-15 00:00:00,Rotterdam,1.13
590,Nicholas Lawson,27.0,55397.33,Hr,david13@martinez.org,2018-01-11 00:00:00,Utrecht,3.33
631,Tracey Meyer,42.0,29613.03,Marketing,jessicamaldonado@hotmail.com,2016-06-22 00:00:00,Rotterdam,4.22
127,Martin Wright,57.0,40141.96,Sales,opineda@james-kennedy.biz,2019-11-22 00:00:00,The Hague,1.07
117,Edward Hernandez,43.0,54479.32,Marketing,grahammary@johnson.info,2018-12-12 00:00:00,Eindhoven,3.57
474,Joseph Jones,26.0,75503.11,Sales,matthew05@burgess.com,2023-08-28 00:00:00,Amsterdam,1.0
738,Derrick Wilson,54.0,69740.36,Sales,zlogan@tanner-brown.com,2022-01-15 00:00:00,Eindhoven,1.24
58,Samuel Edwards,42.0,50361.81,Sales,jsilva@hotmail.com,2016-09-20 00:00:00,The Hague,2.14
719,Christine Lee,30.0,49545.82,Hr,ymartinez@anderson.info,2022-07-23 00:00:00,Utrecht,3.0
967,Deanna Sullivan,42.0,44854.12,It,ralvarez@yahoo.com,2022-09-29 00:00:00,Rotterdam,4.19
370,Stephen Olson,41.0,43404.85,Sales,pattersonmiranda@gmail.com,2019-02-21 00:00:00,Utrecht,4.12
269,Levi Huynh,24.0,48399.33,Sales,rwood@mayo.com,2016-06-22 00:00:00,Rotterdam,4.54
350,Matthew Schneider,41.0,51798.29,Sales,hodgesjohn@gmail.com,2024-08-22 00:00:00,Rotterdam,2.86
196,Michael Vasquez,22.0,60779.76,It,jeffreychapman@hotmail.com,2023-10-11 00:00:00,Amsterdam,1.72
103,Crystal Walker,31.0,49859.28,Finance,fullerjames@richardson-casey.info,2022-05-14 00:00:00,Amsterdam,2.3
887,Erica Baldwin,42.0,63758.92,Sales,andrew31@gmail.com,2019-05-25 00:00:00,Amsterdam,2.2
790,Terry Wall Md,43.0,30085.59,Hr,yvette66@hotmail.com,2022-11-26 00:00:00,Rotterdam,4.61
784,Yolanda Wilson,42.0,64158.79,Sales,marcus90@phillips.com,2017-12-19 00:00:00,Rotterdam,1.74
264,Joseph Taylor,29.0,39634.19,Sales,aaron84@gmail.com,2025-08-18 00:00:00,The Hague,3.82
444,Shannon Collins,39.0,53663.2,Marketing,garythompson@gmail.com,2016-08-18 00:00:00,Rotterdam,1.72
946,Jennifer Case,44.0,38948.73,It,mirandaanderson@gmail.com,2022-12-23 00:00:00,Rotterdam,2.86
305,Lori Thompson,24.0,54686.48,Marketing,vrogers@hotmail.com,2024-10-26 00:00:00,Amsterdam,2.99
342,Alejandro Pierce,37.0,58655.31,Sales,pcummings@yahoo.com,2021-01-03 00:00:00,Amsterdam,3.21
639,Hayley Gray,56.0,35650.59,Hr,brian62@lamb.org,2020-05-30 00:00:00,Eindhoven,3.67
314,Danielle Woodward,48.0,67202.64,Marketing,michael23@smith.com,2019-03-20 00:00:00,The Hague,4.57
150,Jeremy Flores,47.0,59454.77,It,ryan04@glass.com,2017-02-18 00:00:00,Eindhoven,3.02
125,Brandon Nichols,39.0,63802.86,Hr,alyssa71[at]fowler.com,2025-07-27 00:00:00,Eindhoven,3.78
834,Eric Rangel,40.0,43483.04,Finance,vcain@moore-ingram.net,2019-01-04 00:00:00,Amsterdam,4.14
873,Erika Hicks,32.0,34310.21,Hr,ojones@santiago.com,2021-08-20 12:00:00,Utrecht,1.83
51,Shelly Thomas,49.0,59861.26,It,hstrickland@moore.com,2025-02-18 00:00:00,Amsterdam,1.61
354,Mr. Wayne Anderson Phd,42.0,52600.92,Marketing,martinezjessica@hayes.info,2017-05-28 00:00:00,Utrecht,2.51
985,Veronica Yang Dds,38.0,54945.96,Finance,patricia25@young.com,2019-03-12 00:00:00,Utrecht,3.81
143,Debra Bonilla,29.0,30887.75,Hr,diana86@carlson-mann.com,2017-11-21 00:00:00,Amsterdam,4.33
471,Michelle Williams,46.0,50874.22,Finance,jenniferkim@hotmail.com,2022-10-28 00:00:00,The Hague,4.09
400,Ronald Wells,37.0,73567.24,Hr,kellycarter@harris-santos.net,2021-08-20 12:00:00,Utrecht,2.92
666,Daniel Callahan,54.0,56596.45,Marketing,hamptonrobert@yahoo.com,2021-01-28 00:00:00,Amsterdam,3.48
321,Dave Watson,47.0,56454.94,Marketing,caitlinpowell@sanchez.com,2018-09-03 00:00:00,The Hague,3.94
20,Gabriel Sanford,53.0,33815.44,Finance,rchapman@gmail.com,2026-02-03 00:00:00,Amsterdam,3.32
859,Susan Barker,25.0,46716.65,Hr,hunter98@cohen.com,2025-09-17 00:00:00,Utrecht,2.29
838,Colleen Heath,63.0,40024.69,Marketing,rodriguezgwendolyn@gmail.com,2017-05-19 00:00:00,Eindhoven,4.37
877,Christian Miller,18.0,47235.83,Hr,leevanessa@camacho-williams.org,2018-08-17 00:00:00,Amsterdam,2.91
408,Erica Moreno,29.0,52864.31,Hr,julie73@hotmail.com,2025-12-05 00:00:00,Amsterdam,3.28
538,Jean Ramirez,35.0,49231.67,Marketing,campbellamy@mcclure-eaton.com,2019-11-26 00:00:00,Rotterdam,1.8
661,Christy Espinoza,24.0,55397.33,Sales,jenniferjohnson[at]torres.biz,2019-10-10 00:00:00,Utrecht,4.36
39,Monica Edwards,62.0,35077.21,Sales,john36@hotmail.com,2023-02-18 00:00:00,Amsterdam,2.83
176,Janice Meyer Dds,41.0,67407.75,Finance,gpowell@gmail.com,2018-05-01 00:00:00,Eindhoven,2.5
246,Mary Hodge,42.0,49982.48,Finance,dpalmer@gmail.com,2024-02-09 00:00:00,Utrecht,4.09
880,Richard Ford,37.0,72825.9,Finance,sperez@hotmail.com,2022-12-11 00:00:00,The Hague,1.56
712,Cheryl Mora,41.0,53549.3,Hr,fjones@stafford-shields.info,2021-02-28 00:00:00,The Hague,3.94
802,Renee Cobb,65.0,47259.33,Sales,econley@strickland-diaz.com,2021-08-20 12:00:00,Utrecht,3.23
912,Jimmy Porter,41.0,58287.25,Sales,twolfe@burgess.com,2017-10-20 00:00:00,Amsterdam,2.76
155,Benjamin Roberts,49.0,59396.09,It,ashleygallegos@hotmail.com,2021-08-20 12:00:00,Amsterdam,1.44
288,Maria Williamson,50.0,55397.33,Sales,kellygregory@yahoo.com,2022-10-25 00:00:00,Rotterdam,2.91
626,Daniel Kelly,42.0,47331.76,Sales,molly37@walters.com,2023-02-15 00:00:00,Amsterdam,4.5
889,David Booth,52.0,63859.82,Finance,davidsonangelica@smith.net,2016-11-12 00:00:00,The Hague,2.97
570,Luke Sharp,53.0,49727.3,Sales,etyler@crawford.info,2024-08-18 00:00:00,Rotterdam,3.31
791,Jessica Jones,49.0,61444.27,Hr,williamterry@yahoo.com,2017-05-10 00:00:00,Rotterdam,4.27
18,Ryan Herrera,22.0,59713.71,Sales,gvega@velazquez-barnes.com,2026-04-07 00:00:00,Amsterdam,5.0
128,Vicki Wilson,33.0,46505.53,Hr,eric47@poole.com,2025-05-05 00:00:00,Utrecht,1.27
323,Scott Bruce,62.0,42726.69,It,chawkins@gmail.com,2020-09-04 00:00:00,Utrecht,2.81
256,Richard Mccoy,59.0,47736.49,Hr,dennisgibbs@hotmail.com,2023-07-11 00:00:00,Utrecht,1.49
701,Lisa Powers,32.0,47159.15,Sales,mwagner@hotmail.com,2023-07-13 00:00:00,Rotterdam,3.9
613,Jennifer Nelson,21.0,59199.53,Sales,jefferyperkins@beard.info,2023-07-03 00:00:00,Eindhoven,4.39
191,Lindsey Moore Md,42.0,48302.28,Marketing,danielknight@hotmail.com,2017-10-16 00:00:00,Eindhoven,2.91
116,Lindsey Ortiz,36.0,59523.21,Sales,sthornton@yahoo.com,2021-05-29 00:00:00,Rotterdam,2.33
657,Vanessa Garrison,42.0,55208.94,Marketing,geverett@gmail.com,2019-10-22 00:00:00,Amsterdam,4.13
607,Brandon Koch,40.0,43393.16,Sales,brucemeghan@shields.org,2021-08-20 12:00:00,Rotterdam,4.14
181,Michael Hernandez,35.0,64385.01,Marketing,oliverdaniel@gmail.com,2017-08-04 00:00:00,Amsterdam,3.72
302,Susan Roberts,19.0,46597.28,Marketing,john49@hotmail.com,2017-03-28 00:00:00,Amsterdam,3.36
807,Ashley Black,45.0,58332.01,Finance,sandra99@richardson.com,2025-11-02 00:00:00,The Hague,3.01
758,Sarah Robinson,35.0,57772.54,Sales,vdalton@gmail.com,2025-10-02 00:00:00,Eindhoven,1.72
782,Katherine Pugh,53.0,34969.83,It,lopezmatthew@wilcox.info,2016-06-29 00:00:00,Eindhoven,1.27
706,Angela Lynch,32.0,64090.15,Marketing,davistravis@garza.com,2020-12-20 00:00:00,The Hague,4.04
518,David Jackson,33.0,40336.67,Sales,zweaver[at]gmail.com,2021-01-31 00:00:00,Rotterdam,3.81
373,Michael Matthews,54.0,76767.15,Finance,amberjackson@jones-hayden.com,2025-07-24 00:00:00,Rotterdam,4.03
46,Sherry Ferrell,38.0,44202.34,Finance,lhawkins@hayes.info,2016-11-06 00:00:00,Eindhoven,2.01
964,Renee Perez,26.0,65635.06,Marketing,andersonmichele@carey.com,2021-08-20 12:00:00,Rotterdam,1.6
158,Alec Jones,57.0,62107.49,Sales,jenkinskeith@hotmail.com,2018-03-01 00:00:00,Amsterdam,1.55
941,Terry Spencer,50.0,35795.43,Sales,rbarber@hotmail.com,2021-01-19 00:00:00,Amsterdam,2.73
172,James Edwards,61.0,42762.85,Sales,katelyn41@yahoo.com,2023-02-04 00:00:00,The Hague,3.82
17,Tyler Hopkins,42.0,39807.53,Marketing,diane94@lawrence.info,2018-09-14 00:00:00,Rotterdam,1.77
512,Christian Cannon,30.0,54246.43,Hr,epowell@gmail.com,2022-01-29 00:00:00,Amsterdam,4.56
49,Robert Mercer,54.0,60154.27,Finance,richardjones@clark-sims.com,2024-04-05 00:00:00,Amsterdam,3.37
192,Andrea Blair,35.0,67845.98,It,matthew65[at]smith.com,2019-09-18 00:00:00,Amsterdam,2.72
893,Alexander Robles,59.0,71000.12,Finance,ctorres@adams.net,2023-02-26 00:00:00,Amsterdam,4.71
516,Kelsey Everett,55.0,66330.87,Marketing,tiffanyprice@gmail.com,2021-11-29 00:00:00,Amsterdam,1.16
947,Jared West,48.0,32117.12,Sales,ycarter@reilly-smith.com,2020-01-12 00:00:00,Rotterdam,1.12
731,Christine Buchanan,52.0,57937.68,Hr,jgarcia@jones.org,2021-03-14 00:00:00,Amsterdam,1.36
481,Jade Bernard,39.0,53081.24,Sales,jenniferromero@brady-morrow.org,2018-12-16 00:00:00,Eindhoven,3.3
284,Thomas Jackson,44.0,36432.77,Sales,alexandraclark@liu.org,2022-09-13 00:00:00,Amsterdam,3.06
938,Dr. Monica Barnes,50.0,65625.35,Sales,whitejessica@gmail.com,2020-05-18 00:00:00,Amsterdam,2.95
698,Ashley Young,36.0,36233.3,Marketing,parsonsgregory@mccall.info,2023-10-09 00:00:00,Amsterdam,3.71
226,Donna Patterson,63.0,71334.26,Hr,zsherman@hotmail.com,2022-02-23 00:00:00,Eindhoven,1.57
27,Mr. Wayne Parker Iii,42.0,37735.1,Sales,arobinson@yahoo.com,2025-06-04 00:00:00,Eindhoven,1.51
830,Mary Ramirez,19.0,50773.23,It,stephenrubio@williams.net,2023-01-29 00:00:00,Amsterdam,3.0
438,Matthew Russell,42.0,34298.48,Finance,bensonlee@reese.com,2026-01-10 00:00:00,The Hague,3.14
506,Michael Rhodes,23.0,55397.33,Sales,matthewgibson@hotmail.com,2026-02-26 00:00:00,Utrecht,2.66
365,Roy Dean,57.0,65352.16,Marketing,robert12@hotmail.com,2021-10-10 00:00:00,The Hague,4.14
230,Joshua Coleman,30.0,65193.97,Hr,wschwartz@gibbs.com,2019-01-13 00:00:00,Utrecht,1.37
38,Danny Bright,30.0,25604.95,Finance,leepatricia@yahoo.com,2020-12-13 00:00:00,Amsterdam,3.75
670,Timothy Cook,20.0,71372.6,Sales,suzannerodriguez@ford-phillips.biz,2022-08-24 00:00:00,Eindhoven,3.5
736,Mallory Fox,26.0,62088.96,Marketing,zhahn@yahoo.com,2017-06-16 00:00:00,Amsterdam,3.15
375,Ronnie Barr,33.0,87297.74,Finance,robyn23@yahoo.com,2021-10-01 00:00:00,Amsterdam,3.22
470,Charlene Li,39.0,46362.73,Hr,olam@hotmail.com,2017-05-18 00:00:00,Amsterdam,4.72
688,Mark Collins,46.0,49377.69,It,theresaclark@frazier.com,2021-11-04 00:00:00,The Hague,1.71
904,Richard Ryan,20.0,74176.78,Sales,adamstewart@miller.com,2022-03-25 00:00:00,The Hague,4.72
983,Mrs. Abigail Aguilar,55.0,40495.36,Marketing,danieljoseph@burns-joseph.net,2017-08-21 00:00:00,Eindhoven,2.39
913,Tanner Brown,35.0,58740.76,Finance,jennifer91@yahoo.com,2025-04-23 00:00:00,Amsterdam,2.12
195,Erica Bryant,59.0,57597.71,Marketing,elizabethclark@gmail.com,2022-09-01 00:00:00,The Hague,4.68
908,Kimberly Morris,18.0,66193.8,Hr,benjaminsmith@gmail.com,2024-10-05 00:00:00,Rotterdam,2.75
918,Rachel Freeman,35.0,57799.14,Sales,pottervictor@wilson.org,2022-07-22 00:00:00,Amsterdam,1.5
504,Benjamin Roberts,38.0,63444.54,Marketing,umueller@hicks-haynes.com,2021-04-24 00:00:00,Rotterdam,4.06
943,Mrs. Paige Villanueva Md,64.0,64753.02,Hr,laurabrooks@huffman-green.com,2020-07-07 00:00:00,The Hague,4.43
883,Michael Armstrong,55.0,47658.41,Hr,ashley74@yahoo.com,2017-03-16 00:00:00,Utrecht,1.21
580,Tammy Campbell,60.0,72156.31,Marketing,schavez@morris.com,2020-03-03 00:00:00,Amsterdam,2.45
161,Tracy Duran,25.0,40379.77,Marketing,lowewarren@zuniga.com,2019-07-30 00:00:00,Utrecht,4.82
681,Gloria Hall,23.0,65825.08,Hr,johnlucas@yahoo.com,2026-05-13 00:00:00,Amsterdam,3.18
163,Mary Kaufman,21.0,72378.93,Marketing,kellyadam@martinez.biz,2021-06-28 00:00:00,Amsterdam,2.65
747,Matthew Levine,48.0,57801.5,Marketing,xgonzalez@gmail.com,2016-09-28 00:00:00,Amsterdam,2.3
153,Danielle Mitchell,39.0,44799.63,It,yroman@myers.com,2022-09-23 00:00:00,The Hague,2.61
894,Victoria Cox,40.0,72539.43,Sales,christopherturner@kim.com,2021-10-14 00:00:00,Rotterdam,1.39
827,Wendy Carey,27.0,78693.58,Sales,cunninghamdebbie@hotmail.com,2023-02-12 00:00:00,Amsterdam,2.91
803,Eric Nicholson,26.0,56441.81,Hr,krussell@yahoo.com,2017-01-16 00:00:00,Eindhoven,1.97
112,Kristen Le,35.0,54602.29,It,jonesshannon@yahoo.com,2016-10-17 00:00:00,Eindhoven,1.15
227,Stephanie Diaz,23.0,55964.2,Marketing,jenniferwolf@yahoo.com,2020-10-23 00:00:00,Utrecht,2.82
733,Judy Curry,32.0,61123.79,Sales,roy20@pearson.com,2021-08-20 12:00:00,Eindhoven,4.64
104,Melissa Gillespie,21.0,42965.84,It,medinaannette@yahoo.com,2025-08-04 00:00:00,The Hague,2.77
422,Michael Vasquez,57.0,81330.11,Marketing,psanchez@gmail.com,2023-05-13 00:00:00,Eindhoven,2.29
420,Joshua Hoover,61.0,56012.78,Finance,ythomas@mcdonald-gonzalez.com,2019-11-14 00:00:00,The Hague,3.02
998,Jesse Smith,45.0,64612.64,Finance,gregory22@gregory-terrell.com,2018-02-26 00:00:00,Amsterdam,2.35
828,James Roberts,61.0,47157.1,Marketing,ojones@johnson.com,2023-08-15 00:00:00,Rotterdam,3.54
673,Casey Briggs,42.0,55397.33,Hr,kimberlyhull@gmail.com,2022-07-24 00:00:00,Amsterdam,2.35
EMP-120,Stephanie Paul,27.0,66279.0,Sales,kyle82@hess.org,2020-10-07 00:00:00,Rotterdam,3.88
54,Jose Dudley,51.0,64175.14,Sales,jamieharper@black.org,2023-11-05 00:00:00,The Hague,4.03
152,Elizabeth Gutierrez,42.0,60196.72,It,parkerrobert@crosby.com,2016-09-18 00:00:00,The Hague,2.12
404,Thomas Sims,40.0,55704.71,It,christopher51@houston.com,2023-02-07 00:00:00,Eindhoven,3.24
208,Maureen Bolton,37.0,62706.79,Marketing,scott25@hotmail.com,2019-02-08 00:00:00,Eindhoven,1.3
659,Darryl Davis,61.0,57971.27,Finance,angela24@yahoo.com,2024-12-23 00:00:00,Amsterdam,1.9
897,Lori Cox,49.0,52493.23,It,hdavis@martinez.net,2022-12-29 00:00:00,Eindhoven,4.26
810,Rachel Garcia,33.0,41580.89,Marketing,woodgregory@beck-fleming.com,2021-10-23 00:00:00,Amsterdam,4.03
9,Chad Gallagher,42.0,47957.88,Sales,masonamber@hotmail.com,2020-03-13 00:00:00,Eindhoven,2.53
929,Daniel Thompson,44.0,78482.86,Sales,sjohnson@bruce.com,2018-04-20 00:00:00,The Hague,1.98
37,Timothy Sanders,33.0,58132.95,Hr,kharris@stone.net,2017-08-07 00:00:00,Amsterdam,1.98
453,Arthur Jones,44.0,40214.11,It,pirwin@ritter-carr.com,2020-04-17 00:00:00,Rotterdam,1.05
652,Jordan Schmidt,62.0,71898.48,Sales,kimberlywalker@yahoo.com,2021-08-20 12:00:00,Amsterdam,1.69
254,Kathy Smith,29.0,70486.98,Finance,leeandrea@myers-johnson.info,2025-06-04 00:00:00,The Hague,2.0
304,Mr. Jeremy West,48.0,64155.55,Hr,nancy34@hotmail.com,2021-09-27 00:00:00,Utrecht,2.68
794,Laura Valenzuela,48.0,35848.77,Finance,katelyn59@yahoo.com,2017-03-24 00:00:00,Eindhoven,1.62
572,Rachel Jones,37.0,80146.56,Finance,arthurwatson@yahoo.com,2017-07-10 00:00:00,Amsterdam,3.54
624,Lisa Shea,33.0,75181.3,Sales,michellekeller@miller-brown.com,2020-09-22 00:00:00,Rotterdam,4.21
755,Carlos Murphy,50.0,40759.02,Finance,vramirez@hotmail.com,2018-07-11 00:00:00,Eindhoven,2.52
765,Ross Mccarthy,32.0,72239.1,It,vasquezmarcia@yahoo.com,2022-10-12 00:00:00,Amsterdam,2.69
263,Brandon Flores,37.0,6380.99,Sales,denise71@gmail.com,2023-10-22 00:00:00,Rotterdam,1.08
611,Raymond Reed,19.0,64815.48,Marketing,ujohnson@sutton-salazar.biz,2025-08-21 00:00:00,Amsterdam,4.43
298,Matthew Horn,58.0,59609.49,Finance,earl29@yahoo.com,2021-01-13 00:00:00,Rotterdam,3.31
415,Stephen Ortega,56.0,55397.33,It,shawn39[at]hotmail.com,2018-09-04 00:00:00,Rotterdam,2.91
151,Sarah Cox,59.0,58757.39,It,carteraaron@brown.com,2021-02-07 00:00:00,Eindhoven,1.54
836,Derek Harris,41.0,58513.22,Marketing,allenjesse@gmail.com,2023-05-05 00:00:00,Utrecht,1.68
641,Johnny Underwood,63.0,49963.23,Marketing,larsonnatalie@summers.com,2016-10-27 00:00:00,Rotterdam,4.82
944,Jose Garcia,20.0,53512.36,It,kdavis@hotmail.com,2018-09-29 00:00:00,Rotterdam,3.55
856,Allison Beard,24.0,55397.33,Sales,petersonangela[at]gmail.com,2020-05-26 00:00:00,Utrecht,4.45
489,Brandon Mitchell,55.0,80307.12,Sales,mitchellstephen@yahoo.com,2021-05-22 00:00:00,Amsterdam,3.35
711,Alyssa Juarez,37.0,58165.26,Hr,chadscott@williams-taylor.com,2024-11-14 00:00:00,Rotterdam,2.21
148,Courtney Lang,40.0,35193.15,Hr,tonyawalker@yahoo.com,2024-07-13 00:00:00,Amsterdam,2.28
147,Justin Green,61.0,36445.74,Finance,sharpamanda@yahoo.com,2021-08-20 12:00:00,Eindhoven,2.94
966,Monica Anderson,36.0,76601.76,Sales,praymond@mcdonald-goodman.net,2016-11-25 00:00:00,Utrecht,3.5
989,Dr. John Anderson,54.0,51685.54,Hr,phillipsrita@gallagher.com,2025-01-19 00:00:00,Amsterdam,4.88
787,Clifford Rogers,56.0,67508.83,It,dmueller@hotmail.com,2016-10-08 00:00:00,The Hague,2.06
660,Christina Jackson,23.0,52834.59,Sales,reginadougherty[at]miller-ponce.com,2021-07-16 00:00:00,Amsterdam,2.7
349,Jessica Herring,50.0,44223.34,Sales,jessica31@yahoo.com,2019-10-19 00:00:00,The Hague,2.91
464,Alex Holmes,21.0,58209.7,Finance,kwalton@hotmail.com,2021-08-20 12:00:00,Amsterdam,1.34
326,Edward Snyder,61.0,36787.17,Sales,qbrown@yahoo.com,2018-07-25 00:00:00,Eindhoven,4.23
124,Christina Evans,40.0,33972.23,Finance,ojames@mclaughlin.net,2020-08-28 00:00:00,Rotterdam,2.54
907,Joanna Sanchez,41.0,34602.16,It,melissaarnold@jackson.com,2024-09-27 00:00:00,Amsterdam,3.35
609,Amanda Harmon,19.0,55397.33,Sales,grobinson@hotmail.com,2017-10-15 00:00:00,Amsterdam,2.62
144,Nicole Stanton,51.0,57769.51,Sales,spenceramanda@page-hudson.com,2022-07-31 00:00:00,The Hague,2.1
752,Ashley Harris,52.0,34724.73,Marketing,jimmybrown@hobbs.com,2026-01-27 00:00:00,Rotterdam,1.15
198,Samantha Horn,23.0,57305.88,It,harriscarolyn@charles.com,2016-09-23 00:00:00,Amsterdam,2.36
610,Nicole Parsons,57.0,77440.66,Marketing,nguyenlaurie@yahoo.com,2020-08-21 00:00:00,Utrecht,1.35
294,Nathan Watkins,60.0,67744.03,Hr,milesconnor@hotmail.com,2017-03-24 00:00:00,Amsterdam,2.03
884,Amber Ray,51.0,70662.41,Sales,alexiswiggins@yahoo.com,2018-09-09 00:00:00,Amsterdam,1.43
401,Natalie Hoffman,33.0,31083.59,It,zschmidt[at]gmail.com,2023-10-18 00:00:00,The Hague,1.48
123,Caitlyn Martinez,51.0,76041.91,It,pjackson@gmail.com,2017-06-02 00:00:00,Eindhoven,4.62
EMP-184,Steven Mann,30.0,62237.09,Finance,david76@smith-cordova.com,2021-04-02 00:00:00,Amsterdam,1.75
203,Marc Williams,37.0,71245.77,Hr,pmathis@yahoo.com,2025-08-04 00:00:00,Eindhoven,2.2
439,Amber Richmond,47.0,29449.26,Sales,paul70@gmail.com,2024-05-26 00:00:00,The Hague,2.58
247,Jerry James,37.0,47875.82,Hr,deannafarmer@yahoo.com,2024-03-25 00:00:00,Eindhoven,4.99
416,Cynthia Barton,54.0,43772.7,Sales,murphymaria@rodriguez.com,2022-05-21 00:00:00,Utrecht,2.47
824,Amanda Li,61.0,49557.42,It,ysmith@gay-gonzalez.org,2016-07-05 00:00:00,Amsterdam,2.1
931,Eduardo Cannon,42.0,46672.01,Marketing,cherylwilson@phillips.info,2018-10-29 00:00:00,Amsterdam,2.91
961,Donald Rogers,28.0,64640.84,Sales,albert93@turner-stuart.com,2022-03-18 00:00:00,Amsterdam,1.16
955,Ryan Rogers,42.0,53767.73,It,martinezbenjamin@dennis-morrow.com,2018-04-27 00:00:00,Eindhoven,2.16
942,Mr. Jeffery Mcgee,58.0,68086.86,Marketing,tammypaul@jordan-brown.com,2024-05-10 00:00:00,The Hague,2.5
130,William King,39.0,47447.87,It,elizabeth81@schroeder-wright.com,2019-10-30 00:00:00,Rotterdam,4.32
638,Katelyn Adams,65.0,56099.77,Sales,wilsonwhitney@hotmail.com,2021-08-20 12:00:00,Eindhoven,2.92
403,Dean Freeman,62.0,55078.66,Sales,dodsondebra@yahoo.com,2023-07-29 00:00:00,The Hague,4.15
41,Patricia Douglas,35.0,66077.0,Marketing,rhouston@gmail.com,2022-08-14 00:00:00,Eindhoven,1.31
818,Heidi Wilkerson,59.0,68344.46,Sales,dylanmyers@hotmail.com,2021-03-24 00:00:00,Utrecht,4.44
968,Melissa Sullivan,35.0,82014.11,Marketing,smithjoshua@anthony.com,2022-03-11 00:00:00,Eindhoven,2.91
220,Zachary Pratt,59.0,56228.11,Marketing,william88@hotmail.com,2024-06-17 00:00:00,Eindhoven,2.95
642,Ryan Benson,50.0,80035.32,Sales,kennethanderson@dickerson-gonzalez.com,2025-08-26 00:00:00,Amsterdam,2.1
970,Adam Anderson,33.0,33538.37,Finance,sbuck@hotmail.com,2023-10-19 00:00:00,Utrecht,2.25
800,Teresa Roman,26.0,55446.34,Finance,jefffisher@hotmail.com,2020-03-30 00:00:00,Eindhoven,3.77
855,Holly Bradshaw,23.0,76307.56,It,paulbailey@yahoo.com,2021-08-20 12:00:00,Amsterdam,4.94
975,Joshua Matthews,58.0,48307.25,Hr,nicholas83@torres.com,2019-11-04 00:00:00,The Hague,2.91
625,Douglas Johnson,41.0,78897.8,Finance,jennifer10@gmail.com,2021-08-20 12:00:00,Amsterdam,2.35
808,Erin Hernandez,26.0,47818.77,Finance,kayla10@hotmail.com,2019-08-13 00:00:00,Rotterdam,4.29
387,Raymond Ramirez,38.0,60126.34,It,ohawkins@salinas.info,2021-04-19 00:00:00,Eindhoven,2.08
510,Joseph Stewart,34.0,42535.75,Sales,hortonrenee@shaffer-martinez.com,2024-01-10 00:00:00,Amsterdam,3.96
268,Roy Ray,38.0,33547.88,Sales,erichardson@yates.com,2018-04-14 00:00:00,Amsterdam,4.55
869,Katrina Winters,60.0,64878.16,It,jason30[at]gmail.com,2023-02-07 00:00:00,Amsterdam,1.68
442,Jennifer May,63.0,54509.58,Finance,alee@gmail.com,2022-03-28 00:00:00,Amsterdam,4.63
497,Mark Obrien,48.0,39441.31,Marketing,tristan96@yahoo.com,2025-09-06 00:00:00,Amsterdam,2.21
113,Joshua Page,42.0,55903.45,Marketing,chutchinson@yahoo.com,2017-10-30 00:00:00,Amsterdam,2.8
EMP-692,Steven Pena,54.0,72389.95,Finance,pthomas@lynn.net,2021-08-20 12:00:00,Utrecht,3.59
233,Travis Frye,42.0,55683.58,Sales,tina52@robles.com,2023-11-23 00:00:00,Amsterdam,1.57
923,Erin Thomas,44.0,56994.55,Finance,michele73@gmail.com,2022-08-29 00:00:00,Utrecht,3.43
EMP-608,Steven Melton,47.0,36330.18,Finance,ernest48@hotmail.com,2026-03-29 00:00:00,Rotterdam,1.84
672,Kim Simpson,41.0,23899.15,Sales,samuel20@yahoo.com,2023-01-10 00:00:00,Rotterdam,4.54
374,Kathleen Gonzalez Dvm,25.0,69389.06,Marketing,dennisbowen@gmail.com,2024-08-12 00:00:00,Amsterdam,1.92
833,Darrell Roberts,58.0,39937.89,Marketing,tarafloyd@meyers.biz,2024-04-03 00:00:00,Eindhoven,1.85
677,Cindy Brown,41.0,38341.36,Finance,michaelsmith@hotmail.com,2023-04-18 00:00:00,The Hague,3.78
318,Robert Smith,56.0,50346.0,Marketing,fwallace@sampson.org,2017-09-26 00:00:00,Amsterdam,4.04
EMP-649,Sara Young,28.0,55397.33,It,sarah49@yahoo.com,2021-08-04 00:00:00,Eindhoven,5.0
411,Lisa Johnson,51.0,65674.22,Marketing,stevensmichael@jenkins.com,2025-03-10 00:00:00,Rotterdam,3.1
953,Sara Flores,42.0,36226.91,Hr,sarahstewart@mora.biz,2017-09-30 00:00:00,Amsterdam,1.31
710,Leroy Rodriguez,30.0,80446.85,Hr,andrewmiller@hotmail.com,2022-12-22 00:00:00,Rotterdam,3.37
359,Brett Greer,27.0,59840.78,Sales,thomaslisa@gmail.com,2023-07-14 00:00:00,The Hague,2.06
259,Candace Gallagher,42.0,61657.29,Sales,barrerajustin@peters.net,2021-09-12 00:00:00,The Hague,2.29
745,Megan Johns,62.0,62764.89,Marketing,kimberlyjackson@gmail.com,2016-08-04 00:00:00,Amsterdam,2.53
628,Randall Vasquez,57.0,53113.2,Marketing,kaitlyn08@stokes.com,2022-11-27 00:00:00,Amsterdam,2.62
633,Billy Gonzalez,30.0,52629.88,It,sbrown@gmail.com,2018-07-14 00:00:00,Eindhoven,4.31
283,Melody Leach,24.0,78790.25,Hr,nbenson@ward.com,2025-03-04 00:00:00,Eindhoven,4.1
377,Kevin Burke,24.0,68084.81,Sales,cheryl71@kelly-massey.net,2025-07-27 00:00:00,The Hague,1.03
385,Andrew Horton,56.0,43613.01,Marketing,david78@yahoo.com,2021-10-19 00:00:00,Utrecht,2.42
895,Tony Stokes,64.0,75732.38,Sales,jessicaboyd@roberts.com,2024-10-17 00:00:00,Eindhoven,4.02
473,Travis Beck,38.0,32272.13,Sales,judithparker@gmail.com,2020-12-01 00:00:00,Eindhoven,3.87
348,Nancy Weber,24.0,33888.04,Marketing,qrich@gmail.com,2020-02-10 00:00:00,Rotterdam,4.57
640,Kerri Levine,42.0,35573.82,Finance,bryantlarry@hotmail.com,2021-08-20 12:00:00,Amsterdam,2.11
798,David Moore,57.0,65222.51,It,gyoung@herrera-waters.com,2017-08-15 00:00:00,Eindhoven,3.65
986,Andrew Bryant,39.0,37624.53,Sales,jlogan@sexton-robertson.info,2019-11-29 00:00:00,Rotterdam,2.87
960,Amanda Frank,33.0,61715.63,Marketing,maria55@yahoo.com,2017-05-09 00:00:00,Amsterdam,4.97
620,Mrs. Miranda Watson,20.0,58358.26,Marketing,wrivera@hotmail.com,2022-04-09 00:00:00,Amsterdam,4.49
909,Calvin Harrison,26.0,64682.26,Finance,katelynmcdonald@yahoo.com,2024-05-12 00:00:00,Amsterdam,2.0
852,Tanya Becker,60.0,46667.84,Marketing,kellyandrew@smith-hudson.net,2026-03-18 00:00:00,Utrecht,4.25
646,Anthony Willis,33.0,50909.15,Sales,sandovaljoseph@gmail.com,2019-08-24 00:00:00,Utrecht,1.24
900,Frank Howell,42.0,42745.96,Marketing,nicholasmills@gmail.com,2024-04-06 00:00:00,Utrecht,1.4
557,Michele Ortiz,35.0,47685.91,Sales,ecooper@gmail.com,2023-09-30 00:00:00,Eindhoven,3.67
578,Monique Price,35.0,66562.98,It,robertsonelizabeth@gmail.com,2021-08-20 12:00:00,Amsterdam,4.79
796,Mason Gates,61.0,70797.29,Marketing,adriana84@yahoo.com,2021-04-06 00:00:00,Rotterdam,4.96
86,Lindsay Miller,53.0,47473.64,Sales,stephanie05@yahoo.com,2018-09-16 00:00:00,Amsterdam,2.82
243,Brianna Jones,22.0,62574.81,Marketing,bryancharles@hicks.net,2022-02-09 00:00:00,The Hague,1.67
699,Michelle Baker,31.0,68860.41,Sales,brian26@hotmail.com,2017-06-05 00:00:00,Amsterdam,3.65
928,Maria Delacruz,62.0,60658.18,Marketing,michaelthompson@garcia.info,2019-09-28 00:00:00,Amsterdam,2.41
160,Lonnie Chavez,37.0,64848.3,It,hlopez@valdez.com,2017-09-09 00:00:00,Amsterdam,3.82
525,Brandon Vega,23.0,43551.11,Hr,christina79@hotmail.com,2020-09-09 00:00:00,Amsterdam,1.66
EMP-36,Samuel Thomas,38.0,36687.35,Finance,jorge34@graves-murphy.info,2017-06-01 00:00:00,Amsterdam,1.68
541,Rachel Young,54.0,67535.38,It,carl28@hanson.com,2021-11-05 00:00:00,Amsterdam,4.27
171,Cheryl Bowman,26.0,41657.28,Finance,joyhughes@gmail.com,2020-08-23 00:00:00,Eindhoven,3.81
655,Kenneth Murray,57.0,93600.4,Sales,tracy63@hill.com,2023-11-07 00:00:00,Eindhoven,2.91
945,Dawn Rogers,36.0,82699.55,Finance,richard64@hotmail.com,2022-07-01 00:00:00,Utrecht,3.17
911,Kathryn Ramsey,40.0,50383.33,Marketing,allison77@bennett-lang.com,2022-03-23 00:00:00,Amsterdam,1.81
467,Sean Atkins,29.0,64212.5,Marketing,kdecker@clark.biz,2025-11-27 00:00:00,Utrecht,2.91
734,Monica Hughes,45.0,29461.25,Hr,jamesnelson@hotmail.com,2019-12-21 00:00:00,Amsterdam,1.36
96,Linda Reilly,57.0,33047.28,Marketing,patrickochoa@hammond.com,2023-09-17 00:00:00,The Hague,3.12
564,Jeffrey Bush,58.0,50109.65,Sales,fcole@gmail.com,2021-09-23 00:00:00,Eindhoven,2.41
241,Donna Williams,65.0,43112.19,Hr,forddavid@johnson-jones.com,2018-03-18 00:00:00,Amsterdam,1.05
743,Erika Cook,42.0,45627.72,Finance,cwoodward@allison.com,2023-05-05 00:00:00,Amsterdam,1.38
864,Keith Smith,25.0,81938.17,Sales,melissadouglas@gmail.com,2025-07-07 00:00:00,Eindhoven,3.01
575,Rick Jones,23.0,67441.08,It,silvalauren@young-mckee.com,2021-12-13 00:00:00,Eindhoven,4.59
691,Lisa Irwin,37.0,49585.51,Marketing,richardshields@hotmail.com,2021-02-13 00:00:00,Rotterdam,1.03
461,Paul Benson Md,18.0,84470.88,Sales,rachel99@yahoo.com,2023-05-21 00:00:00,Amsterdam,2.33
554,Rhonda Clark,46.0,58816.31,Finance,dawn75@howard.com,2017-12-04 00:00:00,Rotterdam,4.43
EMP-858,Gregory Dixon,62.0,62071.23,Hr,xdonovan@gray.com,2016-07-07 00:00:00,Utrecht,4.45
974,Ralph Bass,42.0,45210.64,Marketing,wolferobert@gmail.com,2021-08-20 12:00:00,Utrecht,3.5
207,Jennifer Hill,19.0,62725.53,Finance,evansvictoria@yahoo.com,2019-05-17 00:00:00,Utrecht,4.33
393,Courtney Colon,26.0,35196.5,Marketing,jeffreymcdowell[at]hotmail.com,2021-11-19 00:00:00,Eindhoven,2.2
795,Cynthia Stewart,24.0,38784.15,Sales,psmith@hall.com,2023-06-06 00:00:00,Rotterdam,1.0
871,April Mejia,65.0,52345.79,Finance,robingross@gmail.com,2020-03-11 00:00:00,Utrecht,3.65
398,Elizabeth Cox,27.0,75308.09,Sales,william91@hotmail.com,2025-06-19 00:00:00,Rotterdam,1.77
767,Zachary Erickson,59.0,54475.17,Sales,eoliver@yahoo.com,2025-11-23 00:00:00,Eindhoven,2.91
902,Matthew Hill,21.0,49099.92,Sales,brandi90@gmail.com,2026-01-10 00:00:00,Utrecht,2.91
218,Olivia Kelly,27.0,51447.72,Finance,jocelyn66@ruiz-parker.com,2016-07-11 00:00:00,Eindhoven,1.74
5,Vanessa Moyer,35.0,51487.7,Sales,brian32@morales-williams.com,2025-07-12 00:00:00,Rotterdam,3.68
769,Michael Thompson,34.0,45595.49,Finance,gardnerloretta@johnson.org,2025-07-13 00:00:00,Rotterdam,3.15
643,Marcia Thomas,42.0,51106.13,Marketing,carterbrittany[at]hotmail.com,2017-03-30 00:00:00,Amsterdam,2.36
952,Alexandra Contreras,42.0,60280.83,Finance,dennis90@hotmail.com,2021-08-20 12:00:00,Utrecht,1.1
739,Drew Figueroa,32.0,79982.12,Sales,abigailwhite@yahoo.com,2020-04-08 00:00:00,Eindhoven,3.91
547,John Bradley,39.0,63656.08,It,gregoryperkins[at]moss.org,2025-11-08 00:00:00,Rotterdam,1.51
726,Benjamin Rivera,21.0,52240.25,Sales,yolanda92@cox-adams.com,2022-06-08 00:00:00,Eindhoven,4.48
972,Cheryl Thompson,19.0,44784.23,Sales,leethomas@jones.net,2017-06-06 00:00:00,Amsterdam,2.7
684,Benjamin Garcia Dds,32.0,62340.62,Sales,corey63@hotmail.com,2016-10-22 00:00:00,Eindhoven,2.36
99,Sandra Snyder,53.0,55076.7,Marketing,sarah93@marshall-walker.com,2017-09-23 00:00:00,Eindhoven,2.41
805,David Arnold,23.0,48482.56,Sales,kspencer@glover.biz,2024-03-27 00:00:00,Rotterdam,4.06
728,Ms. Stephanie Randall,38.0,55397.33,Sales,colemangeorge[at]wilcox.com,2023-11-23 00:00:00,Utrecht,3.71
574,Carolyn Murray,19.0,51713.49,Sales,jessica62@rodriguez-hart.com,2026-04-30 00:00:00,Amsterdam,4.41
407,Julie Smith,51.0,38985.69,Sales,shawn76@yahoo.com,2026-02-25 00:00:00,Utrecht,2.64
503,Craig Colon,55.0,34021.49,Sales,qpatterson@yahoo.com,2019-07-27 00:00:00,The Hague,1.88
48,Steven Poole,47.0,70856.83,Sales,zwilliams@snyder.com,2020-10-01 00:00:00,Amsterdam,3.87
33,Rhonda Marshall,34.0,54797.54,Finance,johnreynolds[at]braun.org,2017-12-14 00:00:00,The Hague,3.75
780,Jason Anderson,26.0,64310.08,Marketing,carla66@gmail.com,2017-05-04 00:00:00,Amsterdam,4.27
EMP-840,Marissa Malone,47.0,51790.17,Sales,eric26@cline.com,2025-10-21 00:00:00,Rotterdam,2.19
201,Stephanie Perry,24.0,60366.81,Hr,emartin@yahoo.com,2018-12-05 00:00:00,The Hague,2.91
135,Christina Jones,40.0,41208.64,Finance,reneebennett@gmail.com,2024-03-24 00:00:00,Amsterdam,1.3
28,Mark Mendez,31.0,60635.47,Marketing,joneslindsay@hotmail.com,2018-06-28 00:00:00,Eindhoven,4.9
934,Jessica Brown,64.0,22017.91,Sales,jonesmichael@castillo-velez.biz,2024-07-08 00:00:00,Amsterdam,3.37
231,David Dorsey,58.0,44044.5,Sales,bridget61@montes-alexander.com,2022-06-25 00:00:00,Amsterdam,1.38
490,Abigail Munoz,61.0,55397.33,Sales,hudsonashley@yahoo.com,2023-02-17 00:00:00,Amsterdam,2.78
773,Robert Cook,21.0,64486.12,It,padillaricky@gmail.com,2026-05-15 00:00:00,Amsterdam,2.74
379,Christopher Yang,52.0,87847.04,It,sgreen@gmail.com,2023-01-17 00:00:00,Rotterdam,2.83
289,Joan Armstrong,35.0,59214.88,Finance,michelleortega@yahoo.com,2022-09-22 00:00:00,Rotterdam,2.87
419,Cheryl Hall,56.0,72689.46,Marketing,samantha86@gmail.com,2024-06-17 00:00:00,Utrecht,3.1
675,James Edwards,38.0,33887.32,Marketing,hgarcia@henderson.com,2023-11-07 00:00:00,The Hague,2.18
392,Fred Figueroa,58.0,62378.79,It,zhill@hotmail.com,2024-10-20 00:00:00,Rotterdam,4.22
593,Rick Holder,53.0,62184.7,Hr,palmercraig@hotmail.com,2019-03-13 00:00:00,Utrecht,4.51
499,Kristin Jensen,62.0,41865.73,Sales,perezstephen@hamilton.info,2016-09-25 00:00:00,Rotterdam,1.56
139,Sarah Romero,22.0,67202.76,Marketing,jnguyen@hotmail.com,2026-04-25 00:00:00,Amsterdam,4.87
63,Stephen Cook Md,60.0,38404.98,Hr,theresa37@gmail.com,2016-12-27 00:00:00,Amsterdam,1.6
472,Lisa Morris,55.0,20471.18,Marketing,michaelgarcia@hotmail.com,2017-07-21 00:00:00,Amsterdam,1.6
648,Deborah Richard,27.0,54185.58,Hr,frogers@reyes.info,2016-10-01 00:00:00,Eindhoven,4.85
129,Jackson Cruz,48.0,56494.77,Finance,dmercado@yahoo.com,2026-01-21 00:00:00,Amsterdam,2.43
521,Dakota Campbell,50.0,29958.92,Marketing,richardwilson@ball.net,2021-08-20 12:00:00,Utrecht,2.86
839,Mrs. Beth Ryan Md,23.0,55397.33,Marketing,brandy89@reeves-li.com,2022-05-20 00:00:00,The Hague,3.83
65,Katie Moon,65.0,67187.89,It,reginarodriguez[at]brown.biz,2018-02-20 00:00:00,Amsterdam,4.34
813,Elizabeth Rodriguez,55.0,76704.67,Finance,sarah68@diaz.net,2025-09-07 00:00:00,Utrecht,1.64
15,Randy Chambers,55.0,29126.23,Sales,nharris@yahoo.com,2021-08-20 12:00:00,Amsterdam,4.44
157,Dylan Norris,42.0,82986.62,Marketing,oandrade@cain-allen.com,2021-06-21 00:00:00,Amsterdam,2.91
493,Matthew Garcia Jr.,38.0,56160.52,Sales,millerstephanie@collins-mckay.info,2019-11-14 00:00:00,Eindhoven,2.55
380,Paul Mitchell,42.0,42875.53,It,gomezbrian@gmail.com,2019-06-03 00:00:00,Rotterdam,3.19
188,Daniel Wright,55.0,53907.57,Finance,traceycarter@oliver.com,2023-07-24 00:00:00,Rotterdam,2.52
EMP-764,Natalie Miles,65.0,53559.1,Sales,yedwards@cook.net,2019-03-07 00:00:00,Amsterdam,3.44
217,Nicole Bailey,47.0,43407.62,Sales,taylorcassandra@lyons.biz,2026-03-07 00:00:00,The Hague,3.36
922,Margaret Davis,42.0,39602.27,Marketing,steeletyler@yahoo.com,2021-11-18 00:00:00,The Hague,2.78
792,Lisa Guerrero,59.0,58115.32,Sales,richard18@gmail.com,2024-05-07 00:00:00,Amsterdam,3.41
53,Robert Adkins,42.0,44846.17,Finance,fosterscott@gutierrez.com,2019-05-23 00:00:00,Rotterdam,2.42
879,Jodi Cohen,23.0,54753.66,Sales,yjordan@bridges-stewart.com,2017-05-09 00:00:00,Amsterdam,3.55
338,David Wright,62.0,50179.21,Marketing,shawn24@gmail.com,2025-06-13 00:00:00,Amsterdam,3.99
749,Jonathan Chapman,60.0,45827.23,Hr,hhart@hotmail.com,2024-04-21 00:00:00,Amsterdam,3.22
720,Melvin Murphy,64.0,54145.82,Sales,joel30@yahoo.com,2020-03-15 00:00:00,Utrecht,4.26
296,Dylan Wilkins,55.0,44606.36,Sales,ashleymoore@campbell.com,2022-06-14 00:00:00,Amsterdam,4.47
702,Angela Richard,57.0,70735.14,Marketing,thomasjonathan@cannon-brown.net,2016-08-08 00:00:00,Rotterdam,1.86
252,Stephanie Leach,24.0,68767.93,Finance,jose79@gmail.com,2018-02-24 00:00:00,Utrecht,4.86
727,Claudia Hess,51.0,55276.51,Marketing,amandaholmes@rocha.net,2022-08-01 00:00:00,Eindhoven,3.47
462,Teresa Rowe,42.0,55528.95,Hr,angela28@martin-burnett.com,2019-08-28 00:00:00,Eindhoven,3.68
456,Johnathan West,65.0,43106.91,Marketing,lwalls@gmail.com,2016-10-26 00:00:00,Utrecht,2.91
271,Michelle Becker,64.0,76619.1,Sales,chadneal@gmail.com,2016-08-22 00:00:00,Eindhoven,3.82
816,Brandi Pineda,58.0,32716.59,Sales,crystal23@nguyen.com,2026-01-17 00:00:00,Utrecht,3.19
EMP-863,Mr. Bryan Adams,59.0,78212.58,Finance,blee@gmail.com,2020-09-08 00:00:00,Rotterdam,1.07
270,James Carter,54.0,56961.11,Marketing,molly87@yahoo.com,2022-08-06 00:00:00,Amsterdam,2.18
202,David Patton,18.0,63411.77,Finance,michelle28@moore-buck.org,2018-08-23 00:00:00,The Hague,4.62
162,Leah Tucker,46.0,66806.27,Marketing,shannon05@hotmail.com,2019-01-06 00:00:00,The Hague,2.08
556,Linda Pacheco,28.0,48821.85,Hr,emilywalters@sanchez.net,2023-04-03 00:00:00,Eindhoven,1.49
730,Rachael Villa,50.0,43325.43,Finance,ulee@gmail.com,2024-04-02 00:00:00,Amsterdam,4.99
402,Bryan Dunn,27.0,46009.37,Sales,kimhoward@mccarthy.com,2022-09-26 00:00:00,Amsterdam,3.47
703,Melissa Calderon,47.0,44434.84,Marketing,nnguyen@medina.com,2024-07-07 00:00:00,Utrecht,1.18
477,Tammy Jackson,26.0,63648.35,Finance,millerkevin@yahoo.com,2025-12-16 00:00:00,Amsterdam,3.42
822,Cory Smith,39.0,76140.21,It,robinsonjeremy@yahoo.com,2019-08-10 00:00:00,Amsterdam,3.97
772,Sheri Bolton,50.0,46563.0,Marketing,hannahali@gmail.com,2021-05-27 00:00:00,Amsterdam,4.83
106,Tracy Hall,25.0,55397.33,Finance,veronicahouse@smith.info,2020-11-17 00:00:00,Amsterdam,1.92
566,John Mccann,55.0,55397.33,Finance,javier81@hotmail.com,2023-05-23 00:00:00,Amsterdam,4.23
390,Ryan Leonard,65.0,46346.45,Marketing,anthony49@howard.org,2021-09-22 00:00:00,Rotterdam,1.11
2,Matthew Miller,59.0,52926.04,Finance,jordancarrie@wright.info,2018-07-16 00:00:00,Amsterdam,4.04
995,Robert Cruz,44.0,39975.7,Finance,allenbaker@williams-cox.com,2017-11-21 00:00:00,Eindhoven,4.22
841,Rebecca Jackson,60.0,54258.04,Sales,susanjones@gmail.com,2017-02-26 00:00:00,Amsterdam,4.94
562,Kelli Juarez,54.0,86131.01,Marketing,martineztaylor@shaw.com,2021-02-26 00:00:00,Eindhoven,2.9
932,Sarah Sullivan,42.0,83217.36,It,lmarks@gmail.com,2025-09-13 00:00:00,Rotterdam,3.85
206,Amy Hall,49.0,40932.62,Sales,pbutler@yahoo.com,2023-01-18 00:00:00,Eindhoven,2.46
35,John Graham,60.0,67338.17,Marketing,ncarlson@gmail.com,2021-02-02 00:00:00,The Hague,2.2
776,Cole Decker,19.0,31446.63,Sales,amandajohnson@gmail.com,2023-09-26 00:00:00,The Hague,2.23
509,Kevin White,31.0,55727.82,Hr,qcarlson@gmail.com,2025-11-21 00:00:00,Eindhoven,2.99
428,Christopher Anderson,50.0,65290.77,Sales,kristybrown@hotmail.com,2018-02-24 00:00:00,The Hague,3.13
455,Daniel Gordon,48.0,47046.14,Sales,bcampbell[at]rasmussen.org,2022-07-08 00:00:00,Rotterdam,3.51
367,Jordan Gonzalez,39.0,58361.39,Marketing,julie22@hotmail.com,2022-01-26 00:00:00,Rotterdam,2.56
92,Evan Robinson,53.0,69529.67,Hr,robertquinn@patrick.net,2024-01-11 00:00:00,Rotterdam,4.15
340,Willie Collins,42.0,46544.13,Marketing,vrose@gmail.com,2024-04-03 00:00:00,Amsterdam,2.43
898,Rebekah Stone,31.0,57200.71,Hr,cookjustin@gmail.com,2022-02-04 00:00:00,Eindhoven,3.27
565,Emily Dunn,22.0,73018.21,Sales,luishardin@maxwell.net,2021-08-20 12:00:00,Amsterdam,2.84
346,David Bullock,49.0,58480.75,Marketing,orogers@blair-howard.com,2025-02-04 00:00:00,Rotterdam,3.26
777,Robert Rodriguez,59.0,44092.94,Sales,anthonyrodriguez@vance.net,2017-07-09 00:00:00,Utrecht,3.85
242,Mrs. Julie White,41.0,53278.95,Sales,ggamble@hotmail.com,2025-04-29 00:00:00,Amsterdam,2.91
14,Rebecca Henry,30.0,26300.8,Finance,romantodd@yahoo.com,2019-07-07 00:00:00,Eindhoven,4.6
316,Kenneth Pierce,54.0,55315.06,Sales,cookjake@hayes-hawkins.org,2019-11-12 00:00:00,Eindhoven,2.91
601,Katrina Torres,21.0,66354.83,It,maria97@gmail.com,2021-08-20 12:00:00,The Hague,4.81
388,Dillon Owens,44.0,83142.56,Sales,fthompson[at]burton.biz,2021-09-24 00:00:00,Amsterdam,2.01
274,David Roy,48.0,55153.5,It,nmay@gmail.com,2019-04-08 00:00:00,Amsterdam,2.06
167,Patrick Prince,47.0,67330.9,Sales,brownstephanie@schroeder-ellison.com,2023-02-15 00:00:00,Eindhoven,3.59
21,Jillian Washington,51.0,76984.73,Marketing,yfranco@lyons-palmer.com,2022-12-07 00:00:00,The Hague,1.27
647,Teresa Lewis,19.0,14546.7,Marketing,breynolds@hotmail.com,2023-06-24 00:00:00,The Hague,3.61
819,Benjamin Jones,57.0,56234.26,It,sharonmiller@gmail.com,2020-09-19 00:00:00,Eindhoven,2.05
485,Paula Johnson,27.0,43654.74,Sales,ibradley@hayes.com,2016-08-15 00:00:00,Eindhoven,4.08
505,Christina Santos,62.0,45240.36,Hr,vegabonnie@hotmail.com,2019-12-04 00:00:00,Amsterdam,1.53
832,Thomas Allen,36.0,41220.22,Sales,justincortez@gmail.com,2019-11-27 00:00:00,Amsterdam,2.91
244,Tonya Kelly Md,65.0,67986.33,Sales,michellewilliams@joseph.biz,2021-08-20 12:00:00,Eindhoven,2.46
567,Richard Schultz,39.0,24428.13,It,fpaul@schneider.com,2016-10-13 00:00:00,Eindhoven,3.54
563,Morgan Cobb,57.0,68066.87,Sales,megangarcia@hotmail.com,2017-10-02 00:00:00,Amsterdam,3.36
687,Gloria Rodriguez,58.0,51395.12,Marketing,jeffreyporter@sullivan-wood.com,2020-05-24 00:00:00,Eindhoven,1.82
958,David Butler,33.0,61851.3,Finance,lisawade@turner.com,2018-09-13 00:00:00,Amsterdam,4.36
190,Diana Taylor,59.0,32277.29,Marketing,jonathon60[at]hotmail.com,2018-06-01 00:00:00,Amsterdam,2.91
783,Daniel Wade,62.0,60702.97,It,williamharris[at]yahoo.com,2024-04-09 00:00:00,Amsterdam,1.76
976,Andrea Avila,26.0,26656.89,Sales,simsjeffrey@gmail.com,2021-08-20 12:00:00,Utrecht,1.39
700,Mrs. Anne White,21.0,52226.47,Sales,ycuevas@torres.com,2021-01-15 00:00:00,Rotterdam,2.91
476,Tyrone Martinez,44.0,51264.46,Sales,angela89@gmail.com,2017-11-15 00:00:00,Amsterdam,3.59
682,Justin Johns,35.0,38064.22,Marketing,breannasmith@yahoo.com,2024-09-18 00:00:00,Amsterdam,3.96
511,Gregory Vega,33.0,59056.85,Marketing,adkinsjessica@gmail.com,2021-07-26 00:00:00,Amsterdam,3.71
59,Gary Edwards,25.0,59968.95,Finance,andreabarrett@todd-brown.com,2018-08-31 00:00:00,Amsterdam,1.21
475,Michael Johnson,42.0,79674.52,It,chadmccall@pruitt.com,2025-01-11 00:00:00,Eindhoven,3.18
561,Ruth Reed,46.0,59346.62,Sales,rhess@sanders.com,2022-10-05 00:00:00,Utrecht,4.54
857,Jeremy Smith,52.0,42514.67,Marketing,deborah93@gmail.com,2019-07-09 00:00:00,Amsterdam,1.44
748,Heather Mills,43.0,43669.26,Marketing,tiffanyrodriguez@gmail.com,2021-03-20 00:00:00,Amsterdam,3.08
253,David Wyatt,61.0,86832.34,Marketing,ksandoval@yahoo.com,2021-08-20 12:00:00,Rotterdam,1.36
22,Roger Farmer,20.0,51613.36,Finance,ashley44@gmail.com,2020-08-08 00:00:00,Utrecht,4.74
460,Sara Berger,51.0,37031.83,It,elizabeth12@johnson.com,2021-06-11 00:00:00,The Hague,3.71
277,Betty Leonard,43.0,57985.9,Marketing,brittneymendoza[at]hotmail.com,2024-11-16 00:00:00,The Hague,4.2
956,Jeffrey Miller,52.0,71759.44,Finance,pwilliams[at]yahoo.com,2021-10-08 00:00:00,Eindhoven,4.81
386,Phillip Roberts,36.0,57255.91,Hr,bjoseph@hotmail.com,2018-05-27 00:00:00,Utrecht,2.69
806,John Adams Phd,64.0,50362.42,Sales,caindeanna@evans.org,2021-08-20 12:00:00,Rotterdam,1.24
344,Christine Pena,34.0,47395.85,Hr,daydavid@greene-miller.biz,2019-07-28 00:00:00,Amsterdam,4.41
770,Matthew Cruz,65.0,82186.73,It,mario18@yahoo.com,2021-09-26 00:00:00,Amsterdam,1.76
131,Jamie Bauer,63.0,31740.05,Finance,careysamantha[at]hotmail.com,2016-12-28 00:00:00,Rotterdam,4.54
872,Matthew Scott,51.0,43025.54,Sales,jessica76@hotmail.com,2018-06-14 00:00:00,Eindhoven,1.45
88,Nathaniel Carter,59.0,59931.27,Hr,piercebryan[at]yahoo.com,2021-08-20 12:00:00,Amsterdam,1.39
331,Brian Clark,61.0,54816.3,Hr,vanessarodgers@gmail.com,2019-11-09 00:00:00,Amsterdam,2.71
122,Richard Cook,42.0,41359.19,Finance,jvega@yahoo.com,2026-02-11 00:00:00,The Hague,1.55
861,Aaron Hill Iii,39.0,58043.85,Marketing,martin44@baldwin-flynn.com,2023-06-10 00:00:00,Utrecht,4.04
